date,ltp,change_in_ltp,roc_oi,roc_volume,roc_iv,coi_vol_ratio,spot_price,symbol
2026-02-23 09:15:00+05:30,168.1,0.0,0.0,0.0,0.0,0.0,25697.4,NIFTY 25600 CE 24 FEB 26
2026-02-23 09:15:00+05:30,64.3,0.0,0.0,0.0,0.0,0.0,25697.4,NIFTY 25600 PE 24 FEB 26
2026-02-23 09:15:00+05:30,135.0,0.0,0.0,0.0,0.0,0.0,25697.4,NIFTY 25650 CE 24 FEB 26
2026-02-23 09:15:00+05:30,81.2,0.0,0.0,0.0,0.0,0.0,25697.4,NIFTY 25650 PE 24 FEB 26
2026-02-23 09:15:00+05:30,106.25,0.0,0.0,0.0,0.0,0.0,25697.4,NIFTY 25700 CE 24 FEB 26
2026-02-23 09:15:00+05:30,102.5,0.0,0.0,0.0,0.0,0.0,25697.4,NIFTY 25700 PE 24 FEB 26
2026-02-23 09:15:00+05:30,81.65,0.0,0.0,0.0,0.0,0.0,25697.4,NIFTY 25750 CE 24 FEB 26
2026-02-23 09:15:00+05:30,128.3,0.0,0.0,0.0,0.0,0.0,25697.4,NIFTY 25750 PE 24 FEB 26
2026-02-23 09:15:00+05:30,61.85,0.0,0.0,0.0,0.0,0.0,25697.4,NIFTY 25800 CE 24 FEB 26
2026-02-23 09:15:00+05:30,158.3,0.0,0.0,0.0,0.0,0.0,25697.4,NIFTY 25800 PE 24 FEB 26
2026-02-23 09:20:00+05:30,197.25,29.150000000000006,-7.67,-38.59,2.93,-0.0806,25736.3,NIFTY 25600 CE 24 FEB 26
2026-02-23 09:20:00+05:30,55.0,-9.299999999999997,13.39,-50.9,3.47,0.1546,25736.3,NIFTY 25600 PE 24 FEB 26
2026-02-23 09:20:00+05:30,161.2,26.19999999999999,-18.54,-38.83,2.42,-0.1055,25736.3,NIFTY 25650 CE 24 FEB 26
2026-02-23 09:20:00+05:30,69.2,-12.0,28.81,-50.02,3.21,0.2412,25736.3,NIFTY 25650 PE 24 FEB 26
2026-02-23 09:20:00+05:30,129.65,23.400000000000006,1.69,-9.77,2.45,0.0076,25736.3,NIFTY 25700 CE 24 FEB 26
2026-02-23 09:20:00+05:30,87.5,-15.0,39.0,-3.3,2.85,0.1984,25736.3,NIFTY 25700 PE 24 FEB 26
2026-02-23 09:20:00+05:30,101.65,20.0,25.89,43.63,2.01,0.0903,25736.3,NIFTY 25750 CE 24 FEB 26
2026-02-23 09:20:00+05:30,109.85,-18.450000000000017,50.83,31.96,2.35,0.2015,25736.3,NIFTY 25750 PE 24 FEB 26
2026-02-23 09:20:00+05:30,78.2,16.35,7.05,-16.36,1.42,0.0476,25736.3,NIFTY 25800 CE 24 FEB 26
2026-02-23 09:20:00+05:30,136.25,-22.05000000000001,20.91,27.08,1.73,0.1826,25736.3,NIFTY 25800 PE 24 FEB 26
2026-02-23 09:25:00+05:30,214.35,17.099999999999994,-5.65,-43.06,1.04,-0.0962,25759.05,NIFTY 25600 CE 24 FEB 26
2026-02-23 09:25:00+05:30,45.3,-9.700000000000003,4.93,-13.53,-3.19,0.0747,25759.05,NIFTY 25600 PE 24 FEB 26
2026-02-23 09:25:00+05:30,176.35,15.150000000000006,-8.45,-50.97,0.39,-0.0799,25759.05,NIFTY 25650 CE 24 FEB 26
2026-02-23 09:25:00+05:30,57.25,-11.950000000000003,5.41,-15.44,-3.93,0.069,25759.05,NIFTY 25650 PE 24 FEB 26
2026-02-23 09:25:00+05:30,141.65,12.0,-8.22,-45.29,-1.2,-0.0681,25759.05,NIFTY 25700 CE 24 FEB 26
2026-02-23 09:25:00+05:30,72.65,-14.849999999999994,39.98,-9.27,-4.99,0.3116,25759.05,NIFTY 25700 PE 24 FEB 26
2026-02-23 09:25:00+05:30,111.6,9.949999999999989,0.66,-20.62,-1.45,0.0036,25759.05,NIFTY 25750 CE 24 FEB 26
2026-02-23 09:25:00+05:30,92.4,-17.44999999999999,83.48,82.59,-5.78,0.2734,25759.05,NIFTY 25750 PE 24 FEB 26
2026-02-23 09:25:00+05:30,85.8,7.599999999999994,4.41,-4.49,-2.1,0.0334,25759.05,NIFTY 25800 CE 24 FEB 26
2026-02-23 09:25:00+05:30,116.75,-19.5,37.65,45.93,-6.23,0.2724,25759.05,NIFTY 25800 PE 24 FEB 26
2026-02-23 09:30:00+05:30,204.55,-9.799999999999983,-3.01,-31.66,3.9,-0.0708,25740.4,NIFTY 25600 CE 24 FEB 26
2026-02-23 09:30:00+05:30,50.05,4.75,9.24,-13.44,-0.38,0.1696,25740.4,NIFTY 25600 PE 24 FEB 26
2026-02-23 09:30:00+05:30,167.35,-9.0,-9.25,-38.3,3.42,-0.1297,25740.4,NIFTY 25650 CE 24 FEB 26
2026-02-23 09:30:00+05:30,63.2,5.950000000000003,4.83,-22.23,-0.23,0.0835,25740.4,NIFTY 25650 PE 24 FEB 26
2026-02-23 09:30:00+05:30,134.05,-7.599999999999994,-7.29,-33.03,3.52,-0.0828,25740.4,NIFTY 25700 CE 24 FEB 26
2026-02-23 09:30:00+05:30,79.55,6.8999999999999915,17.98,-7.57,-0.58,0.2122,25740.4,NIFTY 25700 PE 24 FEB 26
2026-02-23 09:30:00+05:30,104.7,-6.8999999999999915,4.34,-20.79,2.76,0.0305,25740.4,NIFTY 25750 CE 24 FEB 26
2026-02-23 09:30:00+05:30,100.3,7.8999999999999915,45.46,10.76,-1.01,0.2466,25740.4,NIFTY 25750 PE 24 FEB 26
2026-02-23 09:30:00+05:30,80.0,-5.799999999999997,7.33,-5.77,2.57,0.0614,25740.4,NIFTY 25800 CE 24 FEB 26
2026-02-23 09:30:00+05:30,125.65,8.900000000000006,31.16,32.14,-1.51,0.2349,25740.4,NIFTY 25800 PE 24 FEB 26
2026-02-23 09:35:00+05:30,192.5,-12.050000000000011,-1.47,-5.55,-3.7,-0.0355,25728.7,NIFTY 25600 CE 24 FEB 26
2026-02-23 09:35:00+05:30,55.45,5.400000000000006,1.53,-7.35,2.15,0.0332,25728.7,NIFTY 25600 PE 24 FEB 26
2026-02-23 09:35:00+05:30,156.6,-10.75,-1.01,-5.84,-3.03,-0.0137,25728.7,NIFTY 25650 CE 24 FEB 26
2026-02-23 09:35:00+05:30,69.7,6.5,0.31,-9.19,2.39,0.0062,25728.7,NIFTY 25650 PE 24 FEB 26
2026-02-23 09:35:00+05:30,124.65,-9.400000000000006,4.11,6.77,-2.45,0.0406,25728.7,NIFTY 25700 CE 24 FEB 26
2026-02-23 09:35:00+05:30,87.65,8.100000000000009,4.93,4.41,3.17,0.0657,25728.7,NIFTY 25700 PE 24 FEB 26
2026-02-23 09:35:00+05:30,96.5,-8.200000000000003,4.58,-2.07,-2.17,0.0343,25728.7,NIFTY 25750 CE 24 FEB 26
2026-02-23 09:35:00+05:30,109.8,9.5,8.22,1.88,3.67,0.0637,25728.7,NIFTY 25750 PE 24 FEB 26
2026-02-23 09:35:00+05:30,73.15,-6.849999999999994,2.55,3.45,-1.86,0.0222,25728.7,NIFTY 25800 CE 24 FEB 26
2026-02-23 09:35:00+05:30,136.15,10.5,5.68,2.06,3.92,0.055,25728.7,NIFTY 25800 PE 24 FEB 26
2026-02-23 09:40:00+05:30,195.8,3.3000000000000114,-1.71,-35.32,2.44,-0.0631,25730.25,NIFTY 25600 CE 24 FEB 26
2026-02-23 09:40:00+05:30,53.4,-2.0500000000000043,-1.8,-7.42,-1.46,-0.0427,25730.25,NIFTY 25600 PE 24 FEB 26
2026-02-23 09:40:00+05:30,159.75,3.1500000000000057,-0.34,-30.51,2.35,-0.0066,25730.25,NIFTY 25650 CE 24 FEB 26
2026-02-23 09:40:00+05:30,67.3,-2.4000000000000057,-2.04,7.76,-1.67,-0.038,25730.25,NIFTY 25650 PE 24 FEB 26
2026-02-23 09:40:00+05:30,127.35,2.6999999999999886,5.57,-32.49,1.89,0.0848,25730.25,NIFTY 25700 CE 24 FEB 26
2026-02-23 09:40:00+05:30,84.75,-2.9000000000000057,-0.89,-2.04,-1.99,-0.0127,25730.25,NIFTY 25700 PE 24 FEB 26
2026-02-23 09:40:00+05:30,98.9,2.4000000000000057,14.79,-29.18,1.75,0.1636,25730.25,NIFTY 25750 CE 24 FEB 26
2026-02-23 09:40:00+05:30,106.45,-3.3499999999999943,0.14,-12.07,-2.32,0.0013,25730.25,NIFTY 25750 PE 24 FEB 26
2026-02-23 09:40:00+05:30,74.95,1.7999999999999972,4.94,-42.35,1.36,0.0765,25730.25,NIFTY 25800 CE 24 FEB 26
2026-02-23 09:40:00+05:30,132.35,-3.8000000000000114,0.59,-21.87,-2.83,0.0078,25730.25,NIFTY 25800 PE 24 FEB 26
2026-02-23 09:45:00+05:30,202.8,7.0,0.16,21.3,-0.05,0.0048,25740.6,NIFTY 25600 CE 24 FEB 26
2026-02-23 09:45:00+05:30,50.95,-2.4499999999999957,1.23,-19.08,0.77,0.0354,25740.6,NIFTY 25600 PE 24 FEB 26
2026-02-23 09:45:00+05:30,165.25,5.5,1.65,3.27,-0.93,0.0306,25740.6,NIFTY 25650 CE 24 FEB 26
2026-02-23 09:45:00+05:30,64.05,-3.25,-0.32,-19.55,0.62,-0.0072,25740.6,NIFTY 25650 PE 24 FEB 26
2026-02-23 09:45:00+05:30,132.1,4.75,4.83,9.35,-0.9,0.071,25740.6,NIFTY 25700 CE 24 FEB 26
2026-02-23 09:45:00+05:30,80.6,-4.150000000000006,3.77,-22.64,0.41,0.069,25740.6,NIFTY 25700 PE 24 FEB 26
2026-02-23 09:45:00+05:30,103.0,4.099999999999994,4.04,7.83,-0.8,0.0476,25740.6,NIFTY 25750 CE 24 FEB 26
2026-02-23 09:45:00+05:30,101.2,-5.25,1.92,-24.69,0.12,0.0243,25740.6,NIFTY 25750 PE 24 FEB 26
2026-02-23 09:45:00+05:30,78.2,3.25,1.88,2.63,-0.94,0.0298,25740.6,NIFTY 25800 CE 24 FEB 26
2026-02-23 09:45:00+05:30,126.55,-5.799999999999997,3.45,-15.32,0.42,0.0537,25740.6,NIFTY 25800 PE 24 FEB 26
2026-02-23 09:50:00+05:30,186.1,-16.700000000000017,2.44,-6.15,-0.9,0.0775,25717.9,NIFTY 25600 CE 24 FEB 26
2026-02-23 09:50:00+05:30,57.15,6.199999999999996,0.66,34.76,-0.6,0.0142,25717.9,NIFTY 25600 PE 24 FEB 26
2026-02-23 09:50:00+05:30,150.15,-15.099999999999994,3.34,-0.01,-0.66,0.0631,25717.9,NIFTY 25650 CE 24 FEB 26
2026-02-23 09:50:00+05:30,71.55,7.5,-0.68,34.1,-0.73,-0.0114,25717.9,NIFTY 25650 PE 24 FEB 26
2026-02-23 09:50:00+05:30,118.85,-13.25,0.73,0.71,-0.4,0.0112,25717.9,NIFTY 25700 CE 24 FEB 26
2026-02-23 09:50:00+05:30,89.75,9.150000000000006,2.07,36.91,-0.69,0.0287,25717.9,NIFTY 25700 PE 24 FEB 26
2026-02-23 09:50:00+05:30,91.05,-11.950000000000003,3.77,1.88,-0.81,0.0454,25717.9,NIFTY 25750 CE 24 FEB 26
2026-02-23 09:50:00+05:30,112.25,11.049999999999997,2.97,28.47,-0.53,0.0299,25717.9,NIFTY 25750 PE 24 FEB 26
2026-02-23 09:50:00+05:30,68.4,-9.799999999999997,3.8,0.91,-0.47,0.0607,25717.9,NIFTY 25800 CE 24 FEB 26
2026-02-23 09:50:00+05:30,139.4,12.850000000000009,0.78,27.64,-0.6,0.0098,25717.9,NIFTY 25800 PE 24 FEB 26
2026-02-23 09:55:00+05:30,192.3,6.200000000000017,1.49,22.6,-1.01,0.0395,25728.65,NIFTY 25600 CE 24 FEB 26
2026-02-23 09:55:00+05:30,53.05,-4.100000000000001,-2.3,1.34,-0.66,-0.0495,25728.65,NIFTY 25600 PE 24 FEB 26
2026-02-23 09:55:00+05:30,155.75,5.599999999999994,2.14,7.94,-0.89,0.0388,25728.65,NIFTY 25650 CE 24 FEB 26
2026-02-23 09:55:00+05:30,66.8,-4.75,-3.48,2.18,-0.57,-0.0568,25728.65,NIFTY 25650 PE 24 FEB 26
2026-02-23 09:55:00+05:30,123.05,4.200000000000003,3.04,6.17,-1.48,0.0442,25728.65,NIFTY 25700 CE 24 FEB 26
2026-02-23 09:55:00+05:30,84.1,-5.650000000000006,-3.56,0.52,-0.7,-0.0502,25728.65,NIFTY 25700 PE 24 FEB 26
2026-02-23 09:55:00+05:30,94.6,3.549999999999997,2.68,-5.89,-1.34,0.0356,25728.65,NIFTY 25750 CE 24 FEB 26
2026-02-23 09:55:00+05:30,105.85,-6.400000000000006,-3.73,-7.92,-0.6,-0.0419,25728.65,NIFTY 25750 PE 24 FEB 26
2026-02-23 09:55:00+05:30,70.85,2.4499999999999886,0.6,-4.59,-1.66,0.0105,25728.65,NIFTY 25800 CE 24 FEB 26
2026-02-23 09:55:00+05:30,132.3,-7.099999999999994,-11.26,-15.74,-0.49,-0.1698,25728.65,NIFTY 25800 PE 24 FEB 26
2026-02-23 10:00:00+05:30,192.8,0.5,-1.74,-45.03,0.05,-0.0854,25729.55,NIFTY 25600 CE 24 FEB 26
2026-02-23 10:00:00+05:30,52.55,-0.5,1.0,-45.89,-0.11,0.0389,25729.55,NIFTY 25600 PE 24 FEB 26
2026-02-23 10:00:00+05:30,156.7,0.9499999999999886,2.25,-49.67,0.56,0.0826,25729.55,NIFTY 25650 CE 24 FEB 26
2026-02-23 10:00:00+05:30,66.25,-0.5499999999999972,2.52,-50.34,-0.11,0.0799,25729.55,NIFTY 25650 PE 24 FEB 26
2026-02-23 10:00:00+05:30,124.2,1.1500000000000057,2.95,-47.82,0.75,0.0847,25729.55,NIFTY 25700 CE 24 FEB 26
2026-02-23 10:00:00+05:30,83.8,-0.29999999999999716,2.88,-51.36,0.23,0.0803,25729.55,NIFTY 25700 PE 24 FEB 26
2026-02-23 10:00:00+05:30,95.7,1.1000000000000085,4.51,-44.41,0.83,0.1105,25729.55,NIFTY 25750 CE 24 FEB 26
2026-02-23 10:00:00+05:30,105.45,-0.3999999999999915,1.74,-48.83,0.18,0.0369,25729.55,NIFTY 25750 PE 24 FEB 26
2026-02-23 10:00:00+05:30,71.85,1.0,3.79,-42.82,0.78,0.1159,25729.55,NIFTY 25800 CE 24 FEB 26
2026-02-23 10:00:00+05:30,131.75,-0.5500000000000114,0.99,-55.78,0.12,0.0301,25729.55,NIFTY 25800 PE 24 FEB 26
2026-02-23 10:05:00+05:30,189.4,-3.4000000000000057,-0.08,11.87,-1.67,-0.0035,25727.2,NIFTY 25600 CE 24 FEB 26
2026-02-23 10:05:00+05:30,52.95,0.4000000000000057,0.62,13.75,-0.22,0.0213,25727.2,NIFTY 25600 PE 24 FEB 26
2026-02-23 10:05:00+05:30,152.95,-3.75,1.28,17.95,-2.11,0.0409,25727.2,NIFTY 25650 CE 24 FEB 26
2026-02-23 10:05:00+05:30,66.8,0.5499999999999972,-0.35,21.62,-0.17,-0.0093,25727.2,NIFTY 25650 PE 24 FEB 26
2026-02-23 10:05:00+05:30,121.15,-3.049999999999997,1.38,20.54,-1.49,0.0337,25727.2,NIFTY 25700 CE 24 FEB 26
2026-02-23 10:05:00+05:30,84.4,0.6000000000000085,0.98,10.77,-0.29,0.0255,25727.2,NIFTY 25700 PE 24 FEB 26
2026-02-23 10:05:00+05:30,92.8,-2.9000000000000057,1.58,22.26,-1.59,0.0331,25727.2,NIFTY 25750 CE 24 FEB 26
2026-02-23 10:05:00+05:30,106.6,1.1499999999999915,2.71,13.87,0.06,0.0512,25727.2,NIFTY 25750 PE 24 FEB 26
2026-02-23 10:05:00+05:30,69.55,-2.299999999999997,0.4,0.61,-1.26,0.0127,25727.2,NIFTY 25800 CE 24 FEB 26
2026-02-23 10:05:00+05:30,133.1,1.3499999999999943,-0.14,25.8,0.06,-0.0035,25727.2,NIFTY 25800 PE 24 FEB 26
2026-02-23 10:10:00+05:30,179.95,-9.450000000000017,1.95,9.0,-2.63,0.0769,25717.35,NIFTY 25600 CE 24 FEB 26
2026-02-23 10:10:00+05:30,55.35,2.3999999999999986,-0.02,34.32,-0.55,-0.0005,25717.35,NIFTY 25600 PE 24 FEB 26
2026-02-23 10:10:00+05:30,144.7,-8.25,0.32,41.48,-1.93,0.0072,25717.35,NIFTY 25650 CE 24 FEB 26
2026-02-23 10:10:00+05:30,70.05,3.25,0.8,49.84,-0.34,0.0143,25717.35,NIFTY 25650 PE 24 FEB 26
2026-02-23 10:10:00+05:30,113.2,-7.950000000000003,-0.03,31.17,-2.38,-0.0007,25717.35,NIFTY 25700 CE 24 FEB 26
2026-02-23 10:10:00+05:30,88.4,4.0,2.25,71.31,-0.29,0.0343,25717.35,NIFTY 25700 PE 24 FEB 26
2026-02-23 10:10:00+05:30,86.2,-6.599999999999994,0.69,30.99,-1.85,0.0113,25717.35,NIFTY 25750 CE 24 FEB 26
2026-02-23 10:10:00+05:30,111.4,4.800000000000011,-0.55,46.67,-0.3,-0.0073,25717.35,NIFTY 25750 PE 24 FEB 26
2026-02-23 10:10:00+05:30,63.75,-5.799999999999997,0.43,48.05,-1.88,0.0092,25717.35,NIFTY 25800 CE 24 FEB 26
2026-02-23 10:10:00+05:30,139.15,6.050000000000011,-3.18,57.99,0.18,-0.0489,25717.35,NIFTY 25800 PE 24 FEB 26
2026-02-23 10:15:00+05:30,187.15,7.200000000000017,0.34,76.16,0.06,0.0077,25727.9,NIFTY 25600 CE 24 FEB 26
2026-02-23 10:15:00+05:30,51.05,-4.300000000000004,0.85,11.51,-0.94,0.0197,25727.9,NIFTY 25600 PE 24 FEB 26
2026-02-23 10:15:00+05:30,150.85,6.150000000000006,1.96,22.21,-0.35,0.0367,25727.9,NIFTY 25650 CE 24 FEB 26
2026-02-23 10:15:00+05:30,64.9,-5.1499999999999915,-1.34,0.4,-1.03,-0.024,25727.9,NIFTY 25650 PE 24 FEB 26
2026-02-23 10:15:00+05:30,118.35,5.1499999999999915,10.28,22.49,-0.48,0.1587,25727.9,NIFTY 25700 CE 24 FEB 26
2026-02-23 10:15:00+05:30,82.5,-5.900000000000006,1.05,-3.99,-1.06,0.0171,25727.9,NIFTY 25700 PE 24 FEB 26
2026-02-23 10:15:00+05:30,90.2,4.0,6.0,10.65,-0.85,0.0886,25727.9,NIFTY 25750 CE 24 FEB 26
2026-02-23 10:15:00+05:30,104.55,-6.8500000000000085,-2.48,-3.01,-1.14,-0.0337,25727.9,NIFTY 25750 PE 24 FEB 26
2026-02-23 10:15:00+05:30,67.05,3.299999999999997,2.62,-2.52,-0.74,0.0577,25727.9,NIFTY 25800 CE 24 FEB 26
2026-02-23 10:15:00+05:30,131.35,-7.800000000000011,-0.58,-10.49,-1.34,-0.0097,25727.9,NIFTY 25800 PE 24 FEB 26
2026-02-23 10:20:00+05:30,185.0,-2.1500000000000057,2.59,-42.85,-0.96,0.1041,25726.3,NIFTY 25600 CE 24 FEB 26
2026-02-23 10:20:00+05:30,51.1,0.05000000000000426,1.27,-42.09,-0.34,0.0511,25726.3,NIFTY 25600 PE 24 FEB 26
2026-02-23 10:20:00+05:30,149.1,-1.75,0.91,-33.32,-0.58,0.026,25726.3,NIFTY 25650 CE 24 FEB 26
2026-02-23 10:20:00+05:30,65.0,0.09999999999999432,0.31,-45.48,-0.4,0.0101,25726.3,NIFTY 25650 PE 24 FEB 26
2026-02-23 10:20:00+05:30,116.6,-1.75,0.77,-39.18,-0.72,0.0216,25726.3,NIFTY 25700 CE 24 FEB 26
2026-02-23 10:20:00+05:30,82.85,0.3499999999999943,1.34,-40.29,-0.18,0.037,25726.3,NIFTY 25700 PE 24 FEB 26
2026-02-23 10:20:00+05:30,88.9,-1.2999999999999972,1.37,-30.98,-0.37,0.0311,25726.3,NIFTY 25750 CE 24 FEB 26
2026-02-23 10:20:00+05:30,104.9,0.3500000000000085,2.28,-40.53,-0.36,0.0506,25726.3,NIFTY 25750 PE 24 FEB 26
2026-02-23 10:20:00+05:30,65.95,-1.0999999999999943,0.51,-32.35,-0.37,0.017,25726.3,NIFTY 25800 CE 24 FEB 26
2026-02-23 10:20:00+05:30,132.0,0.6500000000000057,1.95,-43.11,-0.19,0.0566,25726.3,NIFTY 25800 PE 24 FEB 26
2026-02-23 10:25:00+05:30,170.2,-14.800000000000011,-2.23,-1.13,-1.14,-0.0932,25706.45,NIFTY 25600 CE 24 FEB 26
2026-02-23 10:25:00+05:30,55.4,4.299999999999997,2.2,94.82,-1.97,0.046,25706.45,NIFTY 25600 PE 24 FEB 26
2026-02-23 10:25:00+05:30,135.35,-13.75,1.75,44.19,-1.35,0.035,25706.45,NIFTY 25650 CE 24 FEB 26
2026-02-23 10:25:00+05:30,70.65,5.650000000000006,2.6,111.75,-1.86,0.0398,25706.45,NIFTY 25650 PE 24 FEB 26
2026-02-23 10:25:00+05:30,104.55,-12.049999999999997,0.97,67.86,-1.21,0.0162,25706.45,NIFTY 25700 CE 24 FEB 26
2026-02-23 10:25:00+05:30,90.05,7.200000000000003,3.28,97.58,-1.79,0.0463,25706.45,NIFTY 25700 PE 24 FEB 26
2026-02-23 10:25:00+05:30,78.7,-10.200000000000003,3.38,42.37,-0.98,0.0546,25706.45,NIFTY 25750 CE 24 FEB 26
2026-02-23 10:25:00+05:30,114.1,9.199999999999989,0.91,83.82,-1.46,0.0112,25706.45,NIFTY 25750 PE 24 FEB 26
2026-02-23 10:25:00+05:30,57.65,-8.300000000000004,1.38,64.33,-0.75,0.0283,25706.45,NIFTY 25800 CE 24 FEB 26
2026-02-23 10:25:00+05:30,143.3,11.300000000000011,-1.7,100.67,-1.05,-0.0251,25706.45,NIFTY 25800 PE 24 FEB 26
2026-02-23 10:30:00+05:30,166.0,-4.199999999999989,2.89,7.5,0.23,0.1094,25700.1,NIFTY 25600 CE 24 FEB 26
2026-02-23 10:30:00+05:30,57.35,1.9500000000000028,-0.42,-19.44,0.0,-0.0112,25700.1,NIFTY 25600 PE 24 FEB 26
2026-02-23 10:30:00+05:30,132.05,-3.299999999999983,4.85,-6.28,0.65,0.1054,25700.1,NIFTY 25650 CE 24 FEB 26
2026-02-23 10:30:00+05:30,73.3,2.6499999999999915,7.11,1.77,0.24,0.1098,25700.1,NIFTY 25650 PE 24 FEB 26
2026-02-23 10:30:00+05:30,101.95,-2.5999999999999943,7.78,-18.14,0.92,0.1614,25700.1,NIFTY 25700 CE 24 FEB 26
2026-02-23 10:30:00+05:30,93.45,3.4000000000000057,-0.54,-14.0,0.49,-0.0092,25700.1,NIFTY 25700 PE 24 FEB 26
2026-02-23 10:30:00+05:30,76.7,-2.0,1.63,-37.84,0.99,0.0438,25700.1,NIFTY 25750 CE 24 FEB 26
2026-02-23 10:30:00+05:30,118.05,3.950000000000003,-5.2,-21.81,0.56,-0.0831,25700.1,NIFTY 25750 PE 24 FEB 26
2026-02-23 10:30:00+05:30,56.05,-1.6000000000000014,3.33,-23.82,0.94,0.0906,25700.1,NIFTY 25800 CE 24 FEB 26
2026-02-23 10:30:00+05:30,147.75,4.449999999999989,-6.77,-21.28,0.56,-0.1247,25700.1,NIFTY 25800 PE 24 FEB 26
2026-02-23 10:35:00+05:30,156.65,-9.349999999999994,0.45,3.95,-2.41,0.0169,25689.6,NIFTY 25600 CE 24 FEB 26
2026-02-23 10:35:00+05:30,62.0,4.649999999999999,0.46,27.24,1.26,0.0096,25689.6,NIFTY 25600 PE 24 FEB 26
2026-02-23 10:35:00+05:30,123.3,-8.750000000000014,1.25,10.09,-2.47,0.0258,25689.6,NIFTY 25650 CE 24 FEB 26
2026-02-23 10:35:00+05:30,78.95,5.650000000000006,1.4,25.72,1.48,0.0184,25689.6,NIFTY 25650 PE 24 FEB 26
2026-02-23 10:35:00+05:30,94.6,-7.3500000000000085,3.04,15.06,-1.93,0.0591,25689.6,NIFTY 25700 CE 24 FEB 26
2026-02-23 10:35:00+05:30,100.15,6.700000000000003,-0.28,17.18,1.69,-0.004,25689.6,NIFTY 25700 PE 24 FEB 26
2026-02-23 10:35:00+05:30,70.6,-6.1000000000000085,1.84,17.73,-1.6,0.0426,25689.6,NIFTY 25750 CE 24 FEB 26
2026-02-23 10:35:00+05:30,126.3,8.25,1.55,9.89,2.46,0.0214,25689.6,NIFTY 25750 PE 24 FEB 26
2026-02-23 10:35:00+05:30,51.4,-4.649999999999999,0.92,-2.9,-1.06,0.0266,25689.6,NIFTY 25800 CE 24 FEB 26
2026-02-23 10:35:00+05:30,156.95,9.199999999999989,-0.54,2.81,2.8,-0.009,25689.6,NIFTY 25800 PE 24 FEB 26
2026-02-23 10:40:00+05:30,137.6,-19.05000000000001,4.8,58.13,1.76,0.1144,25656.95,NIFTY 25600 CE 24 FEB 26
2026-02-23 10:40:00+05:30,79.25,17.25,-4.94,103.77,5.1,-0.0507,25656.95,NIFTY 25600 PE 24 FEB 26
2026-02-23 10:40:00+05:30,107.4,-15.899999999999991,1.52,73.89,2.42,0.0183,25656.95,NIFTY 25650 CE 24 FEB 26
2026-02-23 10:40:00+05:30,99.45,20.5,-2.18,112.27,5.99,-0.0137,25656.95,NIFTY 25650 PE 24 FEB 26
2026-02-23 10:40:00+05:30,81.95,-12.649999999999991,4.35,38.91,3.08,0.0627,25656.95,NIFTY 25700 CE 24 FEB 26
2026-02-23 10:40:00+05:30,124.0,23.849999999999994,-7.42,66.54,6.89,-0.064,25656.95,NIFTY 25700 PE 24 FEB 26
2026-02-23 10:40:00+05:30,61.05,-9.549999999999997,-3.61,16.67,3.69,-0.0731,25656.95,NIFTY 25750 CE 24 FEB 26
2026-02-23 10:40:00+05:30,153.1,26.799999999999997,-16.72,54.6,7.63,-0.1514,25656.95,NIFTY 25750 PE 24 FEB 26
2026-02-23 10:40:00+05:30,44.5,-6.899999999999999,-1.69,24.63,4.16,-0.0396,25656.95,NIFTY 25800 CE 24 FEB 26
2026-02-23 10:40:00+05:30,186.4,29.450000000000017,-13.28,59.75,8.52,-0.1381,25656.95,NIFTY 25800 PE 24 FEB 26
2026-02-23 10:45:00+05:30,136.45,-1.1500000000000057,6.69,29.1,0.98,0.1294,25653.65,NIFTY 25600 CE 24 FEB 26
2026-02-23 10:45:00+05:30,81.55,2.299999999999997,-5.74,17.74,1.02,-0.0475,25653.65,NIFTY 25600 PE 24 FEB 26
2026-02-23 10:45:00+05:30,106.45,-0.9500000000000028,36.31,64.03,0.94,0.2707,25653.65,NIFTY 25650 CE 24 FEB 26
2026-02-23 10:45:00+05:30,101.9,2.450000000000003,-5.3,10.71,0.93,-0.0294,25653.65,NIFTY 25650 PE 24 FEB 26
2026-02-23 10:45:00+05:30,81.3,-0.6500000000000057,11.67,9.86,1.02,0.1597,25653.65,NIFTY 25700 CE 24 FEB 26
2026-02-23 10:45:00+05:30,126.5,2.5,-19.9,-18.25,0.78,-0.1943,25653.65,NIFTY 25700 PE 24 FEB 26
2026-02-23 10:45:00+05:30,60.65,-0.3999999999999986,-1.11,-3.48,1.03,-0.0225,25653.65,NIFTY 25750 CE 24 FEB 26
2026-02-23 10:45:00+05:30,156.3,3.200000000000017,-31.89,-28.2,1.28,-0.3349,25653.65,NIFTY 25750 PE 24 FEB 26
2026-02-23 10:45:00+05:30,44.35,-0.14999999999999858,3.01,22.39,1.09,0.0567,25653.65,NIFTY 25800 CE 24 FEB 26
2026-02-23 10:45:00+05:30,189.75,3.3499999999999943,-16.51,-16.4,1.28,-0.1782,25653.65,NIFTY 25800 PE 24 FEB 26
2026-02-23 10:50:00+05:30,142.95,6.5,1.94,-8.24,-4.57,0.0436,25671.8,NIFTY 25600 CE 24 FEB 26
2026-02-23 10:50:00+05:30,71.5,-10.049999999999997,3.92,-49.03,-2.56,0.06,25671.8,NIFTY 25600 PE 24 FEB 26
2026-02-23 10:50:00+05:30,111.9,5.450000000000003,3.18,-19.17,-4.15,0.04,25671.8,NIFTY 25650 CE 24 FEB 26
2026-02-23 10:50:00+05:30,90.55,-11.350000000000009,4.64,-50.34,-2.56,0.0492,25671.8,NIFTY 25650 PE 24 FEB 26
2026-02-23 10:50:00+05:30,85.35,4.049999999999997,5.96,-20.65,-4.14,0.1148,25671.8,NIFTY 25700 CE 24 FEB 26
2026-02-23 10:50:00+05:30,114.0,-12.5,-0.65,-53.99,-2.37,-0.0111,25671.8,NIFTY 25700 PE 24 FEB 26
2026-02-23 10:50:00+05:30,63.45,2.8000000000000043,2.78,-25.58,-4.12,0.0747,25671.8,NIFTY 25750 CE 24 FEB 26
2026-02-23 10:50:00+05:30,142.25,-14.050000000000011,-1.95,-55.21,-2.7,-0.0312,25671.8,NIFTY 25750 PE 24 FEB 26
2026-02-23 10:50:00+05:30,46.15,1.7999999999999972,3.71,-43.99,-4.07,0.1284,25671.8,NIFTY 25800 CE 24 FEB 26
2026-02-23 10:50:00+05:30,174.5,-15.25,-0.17,-55.31,-2.86,-0.0034,25671.8,NIFTY 25800 PE 24 FEB 26
2026-02-23 10:55:00+05:30,141.65,-1.299999999999983,2.85,-49.15,1.44,0.1286,25667.85,NIFTY 25600 CE 24 FEB 26
2026-02-23 10:55:00+05:30,71.1,-0.4000000000000057,2.27,-33.75,-1.75,0.0545,25667.85,NIFTY 25600 PE 24 FEB 26
2026-02-23 10:55:00+05:30,111.05,-0.8500000000000085,6.94,-42.39,1.52,0.1562,25667.85,NIFTY 25650 CE 24 FEB 26
2026-02-23 10:55:00+05:30,90.4,-0.14999999999999147,3.73,-33.83,-1.73,0.0624,25667.85,NIFTY 25650 PE 24 FEB 26
2026-02-23 10:55:00+05:30,84.85,-0.5,0.89,-38.25,1.61,0.0294,25667.85,NIFTY 25700 CE 24 FEB 26
2026-02-23 10:55:00+05:30,114.05,0.04999999999999716,2.06,-31.63,-1.86,0.051,25667.85,NIFTY 25700 PE 24 FEB 26
2026-02-23 10:55:00+05:30,63.25,-0.20000000000000284,2.45,-29.49,1.62,0.0957,25667.85,NIFTY 25750 CE 24 FEB 26
2026-02-23 10:55:00+05:30,142.6,0.3499999999999943,0.58,-31.72,-1.93,0.0132,25667.85,NIFTY 25750 PE 24 FEB 26
2026-02-23 10:55:00+05:30,45.95,-0.19999999999999574,0.13,-29.9,1.37,0.0069,25667.85,NIFTY 25800 CE 24 FEB 26
2026-02-23 10:55:00+05:30,175.5,1.0,0.2,-32.65,-1.64,0.0059,25667.85,NIFTY 25800 PE 24 FEB 26
2026-02-23 11:00:00+05:30,150.05,8.400000000000006,-3.93,64.02,-1.24,-0.111,25683.15,NIFTY 25600 CE 24 FEB 26
2026-02-23 11:00:00+05:30,64.0,-7.099999999999994,-0.59,35.9,-1.28,-0.0106,25683.15,NIFTY 25600 PE 24 FEB 26
2026-02-23 11:00:00+05:30,117.55,6.5,1.07,71.0,-1.92,0.015,25683.15,NIFTY 25650 CE 24 FEB 26
2026-02-23 11:00:00+05:30,81.75,-8.650000000000006,0.57,21.79,-1.65,0.0082,25683.15,NIFTY 25650 PE 24 FEB 26
2026-02-23 11:00:00+05:30,90.1,5.25,2.71,88.0,-1.95,0.048,25683.15,NIFTY 25700 CE 24 FEB 26
2026-02-23 11:00:00+05:30,104.4,-9.649999999999991,-1.88,56.88,-1.5,-0.0302,25683.15,NIFTY 25700 PE 24 FEB 26
2026-02-23 11:00:00+05:30,67.3,4.049999999999997,1.09,50.55,-1.96,0.029,25683.15,NIFTY 25750 CE 24 FEB 26
2026-02-23 11:00:00+05:30,131.55,-11.049999999999983,-2.83,41.35,-1.73,-0.0462,25683.15,NIFTY 25750 PE 24 FEB 26
2026-02-23 11:00:00+05:30,49.1,3.1499999999999986,2.61,64.95,-1.78,0.0812,25683.15,NIFTY 25800 CE 24 FEB 26
2026-02-23 11:00:00+05:30,163.25,-12.25,1.18,34.57,-2.01,0.0262,25683.15,NIFTY 25800 PE 24 FEB 26
2026-02-23 11:05:00+05:30,150.3,0.25,-1.73,33.92,2.27,-0.0351,25680.5,NIFTY 25600 CE 24 FEB 26
2026-02-23 11:05:00+05:30,63.5,-0.5,2.19,66.75,-1.36,0.0236,25680.5,NIFTY 25600 PE 24 FEB 26
2026-02-23 11:05:00+05:30,118.2,0.6500000000000057,-1.2,24.05,2.45,-0.0137,25680.5,NIFTY 25650 CE 24 FEB 26
2026-02-23 11:05:00+05:30,81.25,-0.5,2.11,103.71,-1.56,0.0148,25680.5,NIFTY 25650 PE 24 FEB 26
2026-02-23 11:05:00+05:30,90.6,0.5,-2.19,23.8,2.05,-0.0322,25680.5,NIFTY 25700 CE 24 FEB 26
2026-02-23 11:05:00+05:30,103.8,-0.6000000000000085,5.07,65.05,-1.81,0.0484,25680.5,NIFTY 25700 PE 24 FEB 26
2026-02-23 11:05:00+05:30,67.55,0.25,-4.66,41.13,1.63,-0.089,25680.5,NIFTY 25750 CE 24 FEB 26
2026-02-23 11:05:00+05:30,130.95,-0.6000000000000227,2.77,77.05,-2.12,0.0248,25680.5,NIFTY 25750 PE 24 FEB 26
2026-02-23 11:05:00+05:30,49.25,0.14999999999999858,-2.67,34.13,1.32,-0.0635,25680.5,NIFTY 25800 CE 24 FEB 26
2026-02-23 11:05:00+05:30,162.7,-0.5500000000000114,1.11,135.62,-2.41,0.0106,25680.5,NIFTY 25800 PE 24 FEB 26
2026-02-23 11:10:00+05:30,160.4,10.099999999999994,-0.49,-2.47,0.12,-0.0099,25696.1,NIFTY 25600 CE 24 FEB 26
2026-02-23 11:10:00+05:30,57.0,-6.5,1.24,-27.27,-0.97,0.0188,25696.1,NIFTY 25600 PE 24 FEB 26
2026-02-23 11:10:00+05:30,126.95,8.75,0.49,10.93,-0.12,0.005,25696.1,NIFTY 25650 CE 24 FEB 26
2026-02-23 11:10:00+05:30,73.5,-7.75,5.53,-30.88,-1.0,0.0576,25696.1,NIFTY 25650 PE 24 FEB 26
2026-02-23 11:10:00+05:30,97.65,7.050000000000011,-1.51,10.08,-0.61,-0.0197,25696.1,NIFTY 25700 CE 24 FEB 26
2026-02-23 11:10:00+05:30,94.05,-9.75,-2.13,-23.79,-1.84,-0.028,25696.1,NIFTY 25700 PE 24 FEB 26
2026-02-23 11:10:00+05:30,73.45,5.900000000000006,1.18,8.43,-0.43,0.0198,25696.1,NIFTY 25750 CE 24 FEB 26
2026-02-23 11:10:00+05:30,119.75,-11.199999999999989,-2.18,-28.52,-2.04,-0.0281,25696.1,NIFTY 25750 PE 24 FEB 26
2026-02-23 11:10:00+05:30,53.7,4.450000000000003,-0.88,25.42,-0.68,-0.0163,25696.1,NIFTY 25800 CE 24 FEB 26
2026-02-23 11:10:00+05:30,150.25,-12.449999999999989,0.18,-41.67,-2.23,0.003,25696.1,NIFTY 25800 PE 24 FEB 26
2026-02-23 11:15:00+05:30,145.0,-15.400000000000006,-3.74,-37.36,-0.64,-0.1215,25673.45,NIFTY 25600 CE 24 FEB 26
2026-02-23 11:15:00+05:30,65.8,8.799999999999997,1.9,-27.11,0.98,0.0399,25673.45,NIFTY 25600 PE 24 FEB 26
2026-02-23 11:15:00+05:30,113.35,-13.600000000000009,-2.14,-40.22,-0.54,-0.0367,25673.45,NIFTY 25650 CE 24 FEB 26
2026-02-23 11:15:00+05:30,84.3,10.799999999999997,1.55,-28.7,1.24,0.0239,25673.45,NIFTY 25650 PE 24 FEB 26
2026-02-23 11:15:00+05:30,86.5,-11.150000000000006,0.57,-32.84,0.12,0.0109,25673.45,NIFTY 25700 CE 24 FEB 26
2026-02-23 11:15:00+05:30,107.2,13.150000000000006,4.61,-18.35,1.82,0.0729,25673.45,NIFTY 25700 PE 24 FEB 26
2026-02-23 11:15:00+05:30,64.35,-9.100000000000009,-0.68,-32.55,0.25,-0.017,25673.45,NIFTY 25750 CE 24 FEB 26
2026-02-23 11:15:00+05:30,135.0,15.25,4.9,-22.67,2.14,0.0799,25673.45,NIFTY 25750 PE 24 FEB 26
2026-02-23 11:15:00+05:30,46.75,-6.950000000000003,1.4,-39.17,0.68,0.0421,25673.45,NIFTY 25800 CE 24 FEB 26
2026-02-23 11:15:00+05:30,167.55,17.30000000000001,2.94,-24.11,2.58,0.0642,25673.45,NIFTY 25800 PE 24 FEB 26
2026-02-23 11:20:00+05:30,139.2,-5.800000000000011,1.1,-17.83,0.82,0.0417,25663.2,NIFTY 25600 CE 24 FEB 26
2026-02-23 11:20:00+05:30,69.7,3.9000000000000057,0.94,8.09,0.11,0.0187,25663.2,NIFTY 25600 PE 24 FEB 26
2026-02-23 11:20:00+05:30,108.3,-5.049999999999997,-3.67,-25.93,0.72,-0.0834,25663.2,NIFTY 25650 CE 24 FEB 26
2026-02-23 11:20:00+05:30,89.0,4.700000000000003,2.32,24.63,0.18,0.0291,25663.2,NIFTY 25650 PE 24 FEB 26
2026-02-23 11:20:00+05:30,82.25,-4.25,-2.1,-30.39,0.67,-0.0582,25663.2,NIFTY 25700 CE 24 FEB 26
2026-02-23 11:20:00+05:30,112.85,5.6499999999999915,3.66,3.73,0.3,0.0584,25663.2,NIFTY 25700 PE 24 FEB 26
2026-02-23 11:20:00+05:30,60.95,-3.3999999999999915,-0.8,-34.63,0.74,-0.0304,25663.2,NIFTY 25750 CE 24 FEB 26
2026-02-23 11:20:00+05:30,141.85,6.849999999999994,1.76,5.57,0.66,0.0285,25663.2,NIFTY 25750 PE 24 FEB 26
2026-02-23 11:20:00+05:30,44.0,-2.75,0.38,-22.61,0.62,0.0149,25663.2,NIFTY 25800 CE 24 FEB 26
2026-02-23 11:20:00+05:30,174.7,7.149999999999977,0.64,2.2,0.18,0.0142,25663.2,NIFTY 25800 PE 24 FEB 26
2026-02-23 11:25:00+05:30,135.1,-4.099999999999994,3.76,11.68,-3.38,0.1295,25662.0,NIFTY 25600 CE 24 FEB 26
2026-02-23 11:25:00+05:30,71.9,2.200000000000003,0.71,-14.89,1.94,0.0166,25662.0,NIFTY 25600 PE 24 FEB 26
2026-02-23 11:25:00+05:30,104.95,-3.3499999999999943,5.51,-0.75,-2.63,0.1213,25662.0,NIFTY 25650 CE 24 FEB 26
2026-02-23 11:25:00+05:30,91.85,2.8499999999999943,0.13,-13.38,2.45,0.0019,25662.0,NIFTY 25650 PE 24 FEB 26
2026-02-23 11:25:00+05:30,79.6,-2.6500000000000057,4.19,-7.66,-2.0,0.1231,25662.0,NIFTY 25700 CE 24 FEB 26
2026-02-23 11:25:00+05:30,116.4,3.5500000000000114,-1.93,-17.23,3.15,-0.0385,25662.0,NIFTY 25700 PE 24 FEB 26
2026-02-23 11:25:00+05:30,58.8,-2.1500000000000057,1.16,-13.26,-1.71,0.0506,25662.0,NIFTY 25750 CE 24 FEB 26
2026-02-23 11:25:00+05:30,145.65,3.8000000000000114,-3.09,-22.56,3.46,-0.0657,25662.0,NIFTY 25750 PE 24 FEB 26
2026-02-23 11:25:00+05:30,42.5,-1.5,0.8,-25.37,-1.29,0.0423,25662.0,NIFTY 25800 CE 24 FEB 26
2026-02-23 11:25:00+05:30,179.45,4.75,-2.25,-20.5,4.73,-0.0627,25662.0,NIFTY 25800 PE 24 FEB 26
2026-02-23 11:30:00+05:30,132.15,-2.9499999999999886,1.37,-24.49,1.57,0.0646,25655.05,NIFTY 25600 CE 24 FEB 26
2026-02-23 11:30:00+05:30,76.55,4.6499999999999915,-0.75,-11.21,2.02,-0.0201,25655.05,NIFTY 25600 PE 24 FEB 26
2026-02-23 11:30:00+05:30,102.6,-2.3500000000000085,6.85,-22.75,1.6,0.206,25655.05,NIFTY 25650 CE 24 FEB 26
2026-02-23 11:30:00+05:30,97.3,5.450000000000003,0.75,-13.5,2.28,0.0128,25655.05,NIFTY 25650 PE 24 FEB 26
2026-02-23 11:30:00+05:30,77.95,-1.6499999999999915,6.33,-21.94,1.67,0.2479,25655.05,NIFTY 25700 CE 24 FEB 26
2026-02-23 11:30:00+05:30,122.55,6.1499999999999915,-0.77,-18.67,2.47,-0.0184,25655.05,NIFTY 25700 PE 24 FEB 26
2026-02-23 11:30:00+05:30,57.7,-1.0999999999999943,1.72,-27.11,1.74,0.1045,25655.05,NIFTY 25750 CE 24 FEB 26
2026-02-23 11:30:00+05:30,152.7,7.049999999999983,-3.59,-16.97,2.94,-0.089,25655.05,NIFTY 25750 PE 24 FEB 26
2026-02-23 11:30:00+05:30,42.0,-0.5,0.65,-24.09,2.05,0.0455,25655.05,NIFTY 25800 CE 24 FEB 26
2026-02-23 11:30:00+05:30,186.8,7.350000000000023,1.26,-6.57,2.97,0.0368,25655.05,NIFTY 25800 PE 24 FEB 26
2026-02-23 11:35:00+05:30,139.7,7.549999999999983,0.68,25.82,-0.71,0.0259,25668.6,NIFTY 25600 CE 24 FEB 26
2026-02-23 11:35:00+05:30,69.55,-7.0,-2.14,12.14,-1.54,-0.0504,25668.6,NIFTY 25600 PE 24 FEB 26
2026-02-23 11:35:00+05:30,108.6,6.0,2.19,38.74,-1.15,0.0506,25668.6,NIFTY 25650 CE 24 FEB 26
2026-02-23 11:35:00+05:30,88.8,-8.5,-2.0,7.28,-2.01,-0.0322,25668.6,NIFTY 25650 PE 24 FEB 26
2026-02-23 11:35:00+05:30,82.85,4.8999999999999915,0.66,33.6,-1.1,0.0206,25668.6,NIFTY 25700 CE 24 FEB 26
2026-02-23 11:35:00+05:30,112.9,-9.649999999999991,-4.07,-0.64,-2.08,-0.0979,25668.6,NIFTY 25700 PE 24 FEB 26
2026-02-23 11:35:00+05:30,61.5,3.799999999999997,0.97,44.24,-1.16,0.0413,25668.6,NIFTY 25750 CE 24 FEB 26
2026-02-23 11:35:00+05:30,141.65,-11.049999999999983,-3.45,14.36,-2.52,-0.0723,25668.6,NIFTY 25750 PE 24 FEB 26
2026-02-23 11:35:00+05:30,44.7,2.700000000000003,0.51,13.87,-1.4,0.0317,25668.6,NIFTY 25800 CE 24 FEB 26
2026-02-23 11:35:00+05:30,174.4,-12.400000000000006,-4.34,-4.91,-3.16,-0.1348,25668.6,NIFTY 25800 PE 24 FEB 26
2026-02-23 11:40:00+05:30,139.2,-0.5,3.15,-31.69,0.3,0.1768,25667.65,NIFTY 25600 CE 24 FEB 26
2026-02-23 11:40:00+05:30,68.15,-1.3999999999999915,0.47,-34.45,-1.62,0.0167,25667.65,NIFTY 25600 PE 24 FEB 26
2026-02-23 11:40:00+05:30,108.6,0.0,4.02,-29.02,0.73,0.134,25667.65,NIFTY 25650 CE 24 FEB 26
2026-02-23 11:40:00+05:30,87.45,-1.3499999999999943,3.04,-42.24,-1.59,0.0832,25667.65,NIFTY 25650 PE 24 FEB 26
2026-02-23 11:40:00+05:30,82.6,-0.25,1.68,-36.8,0.37,0.0837,25667.65,NIFTY 25700 CE 24 FEB 26
2026-02-23 11:40:00+05:30,111.5,-1.4000000000000057,0.95,-42.48,-1.78,0.0382,25667.65,NIFTY 25700 PE 24 FEB 26
2026-02-23 11:40:00+05:30,61.25,-0.25,-0.17,-35.06,0.31,-0.0115,25667.65,NIFTY 25750 CE 24 FEB 26
2026-02-23 11:40:00+05:30,140.2,-1.450000000000017,1.52,-44.81,-2.01,0.0558,25667.65,NIFTY 25750 PE 24 FEB 26
2026-02-23 11:40:00+05:30,44.4,-0.30000000000000426,1.12,-26.6,0.19,0.0958,25667.65,NIFTY 25800 CE 24 FEB 26
2026-02-23 11:40:00+05:30,173.0,-1.4000000000000057,0.17,-41.67,-2.18,0.0084,25667.65,NIFTY 25800 PE 24 FEB 26
2026-02-23 11:45:00+05:30,125.15,-14.049999999999983,-0.69,142.97,-2.51,-0.0164,25648.7,NIFTY 25600 CE 24 FEB 26
2026-02-23 11:45:00+05:30,77.75,9.599999999999994,1.03,166.23,2.27,0.0137,25648.7,NIFTY 25600 PE 24 FEB 26
2026-02-23 11:45:00+05:30,96.1,-12.5,-0.66,138.61,-2.49,-0.0097,25648.7,NIFTY 25650 CE 24 FEB 26
2026-02-23 11:45:00+05:30,99.1,11.649999999999991,1.99,200.52,2.83,0.0187,25648.7,NIFTY 25650 PE 24 FEB 26
2026-02-23 11:45:00+05:30,72.6,-10.0,-5.67,138.53,-1.53,-0.12,25648.7,NIFTY 25700 CE 24 FEB 26
2026-02-23 11:45:00+05:30,125.45,13.950000000000003,-1.23,192.85,3.74,-0.0169,25648.7,NIFTY 25700 PE 24 FEB 26
2026-02-23 11:45:00+05:30,53.45,-7.799999999999997,0.12,161.51,-0.93,0.003,25648.7,NIFTY 25750 CE 24 FEB 26
2026-02-23 11:45:00+05:30,156.35,16.150000000000006,-0.72,183.5,4.69,-0.0095,25648.7,NIFTY 25750 PE 24 FEB 26
2026-02-23 11:45:00+05:30,38.55,-5.850000000000001,0.41,179.15,-0.43,0.0126,25648.7,NIFTY 25800 CE 24 FEB 26
2026-02-23 11:45:00+05:30,191.55,18.55000000000001,1.03,254.45,6.33,0.0148,25648.7,NIFTY 25800 PE 24 FEB 26
2026-02-23 11:50:00+05:30,132.15,7.0,-0.05,51.67,1.16,-0.0008,25658.8,NIFTY 25600 CE 24 FEB 26
2026-02-23 11:50:00+05:30,72.4,-5.349999999999994,6.13,47.81,-1.11,0.0557,25658.8,NIFTY 25600 PE 24 FEB 26
2026-02-23 11:50:00+05:30,101.9,5.800000000000011,3.06,37.73,0.75,0.0321,25658.8,NIFTY 25650 CE 24 FEB 26
2026-02-23 11:50:00+05:30,92.6,-6.5,-4.14,15.62,-1.46,-0.0343,25658.8,NIFTY 25650 PE 24 FEB 26
2026-02-23 11:50:00+05:30,77.15,4.550000000000011,0.09,12.8,0.31,0.0017,25658.8,NIFTY 25700 CE 24 FEB 26
2026-02-23 11:50:00+05:30,117.2,-8.25,-3.37,18.2,-2.48,-0.0389,25658.8,NIFTY 25700 PE 24 FEB 26
2026-02-23 11:50:00+05:30,56.8,3.3499999999999943,-4.93,1.59,-0.12,-0.1235,25658.8,NIFTY 25750 CE 24 FEB 26
2026-02-23 11:50:00+05:30,146.9,-9.449999999999989,-11.7,-0.58,-2.97,-0.1531,25658.8,NIFTY 25750 PE 24 FEB 26
2026-02-23 11:50:00+05:30,40.85,2.3000000000000043,-3.44,6.3,-0.5,-0.1003,25658.8,NIFTY 25800 CE 24 FEB 26
2026-02-23 11:50:00+05:30,180.65,-10.900000000000006,0.37,-5.07,-4.02,0.0056,25658.8,NIFTY 25800 PE 24 FEB 26
2026-02-23 11:55:00+05:30,125.1,-7.050000000000011,5.93,-49.87,-1.39,0.1846,25649.45,NIFTY 25600 CE 24 FEB 26
2026-02-23 11:55:00+05:30,77.3,4.8999999999999915,-0.36,-55.69,1.23,-0.0079,25649.45,NIFTY 25600 PE 24 FEB 26
2026-02-23 11:55:00+05:30,95.8,-6.1000000000000085,4.25,-43.06,-1.11,0.0806,25649.45,NIFTY 25650 CE 24 FEB 26
2026-02-23 11:55:00+05:30,98.6,6.0,3.22,-45.42,1.65,0.0468,25649.45,NIFTY 25650 PE 24 FEB 26
2026-02-23 11:55:00+05:30,72.35,-4.800000000000011,3.32,-40.58,-0.62,0.0991,25649.45,NIFTY 25700 CE 24 FEB 26
2026-02-23 11:55:00+05:30,124.75,7.549999999999997,-2.05,-47.0,2.54,-0.0431,25649.45,NIFTY 25700 PE 24 FEB 26
2026-02-23 11:55:00+05:30,52.9,-3.8999999999999986,2.2,-38.54,-0.5,0.0852,25649.45,NIFTY 25750 CE 24 FEB 26
2026-02-23 11:55:00+05:30,155.75,8.849999999999994,1.91,-45.09,3.23,0.0402,25649.45,NIFTY 25750 PE 24 FEB 26
2026-02-23 11:55:00+05:30,38.1,-2.75,1.88,-44.66,0.0,0.0958,25649.45,NIFTY 25800 CE 24 FEB 26
2026-02-23 11:55:00+05:30,190.9,10.25,-0.93,-41.42,4.37,-0.0245,25649.45,NIFTY 25800 PE 24 FEB 26
2026-02-23 12:00:00+05:30,134.3,9.200000000000017,-0.88,-7.93,2.94,-0.0315,25660.5,NIFTY 25600 CE 24 FEB 26
2026-02-23 12:00:00+05:30,69.95,-7.349999999999994,3.81,-7.19,-2.77,0.0891,25660.5,NIFTY 25600 PE 24 FEB 26
2026-02-23 12:00:00+05:30,103.7,7.900000000000006,1.88,-9.53,2.43,0.041,25660.5,NIFTY 25650 CE 24 FEB 26
2026-02-23 12:00:00+05:30,89.75,-8.849999999999994,3.21,-7.7,-3.37,0.0522,25660.5,NIFTY 25650 PE 24 FEB 26
2026-02-23 12:00:00+05:30,78.35,6.0,0.21,-14.01,1.44,0.0074,25660.5,NIFTY 25700 CE 24 FEB 26
2026-02-23 12:00:00+05:30,114.3,-10.450000000000003,0.81,-22.95,-4.16,0.0217,25660.5,NIFTY 25700 PE 24 FEB 26
2026-02-23 12:00:00+05:30,57.55,4.649999999999999,0.19,-12.8,1.0,0.0086,25660.5,NIFTY 25750 CE 24 FEB 26
2026-02-23 12:00:00+05:30,143.35,-12.400000000000006,0.74,-9.94,-5.42,0.0177,25660.5,NIFTY 25750 PE 24 FEB 26
2026-02-23 12:00:00+05:30,41.5,3.3999999999999986,0.04,-9.51,0.56,0.0024,25660.5,NIFTY 25800 CE 24 FEB 26
2026-02-23 12:00:00+05:30,177.5,-13.400000000000006,1.19,-16.12,-6.11,0.0369,25660.5,NIFTY 25800 PE 24 FEB 26
2026-02-23 12:05:00+05:30,134.65,0.3499999999999943,-0.56,13.55,-2.26,-0.0176,25664.75,NIFTY 25600 CE 24 FEB 26
2026-02-23 12:05:00+05:30,68.0,-1.9500000000000028,-1.8,-1.67,-0.17,-0.0444,25664.75,NIFTY 25600 PE 24 FEB 26
2026-02-23 12:05:00+05:30,104.2,0.5,1.53,18.37,-1.71,0.0288,25664.75,NIFTY 25650 CE 24 FEB 26
2026-02-23 12:05:00+05:30,87.55,-2.200000000000003,-1.45,-6.14,-0.12,-0.0258,25664.75,NIFTY 25650 PE 24 FEB 26
2026-02-23 12:05:00+05:30,78.6,0.25,1.9,48.34,-1.66,0.046,25664.75,NIFTY 25700 CE 24 FEB 26
2026-02-23 12:05:00+05:30,111.9,-2.3999999999999915,-2.31,5.22,0.06,-0.0591,25664.75,NIFTY 25700 PE 24 FEB 26
2026-02-23 12:05:00+05:30,57.75,0.20000000000000284,0.91,33.61,-1.43,0.0311,25664.75,NIFTY 25750 CE 24 FEB 26
2026-02-23 12:05:00+05:30,141.15,-2.1999999999999886,-1.93,-0.33,0.59,-0.0465,25664.75,NIFTY 25750 PE 24 FEB 26
2026-02-23 12:05:00+05:30,41.6,0.10000000000000142,1.07,38.42,-1.3,0.0444,25664.75,NIFTY 25800 CE 24 FEB 26
2026-02-23 12:05:00+05:30,174.9,-2.5999999999999943,-2.34,5.4,0.53,-0.0695,25664.75,NIFTY 25800 PE 24 FEB 26
2026-02-23 12:10:00+05:30,132.8,-1.8499999999999943,-2.41,10.75,0.24,-0.0676,25661.6,NIFTY 25600 CE 24 FEB 26
2026-02-23 12:10:00+05:30,68.4,0.4000000000000057,0.79,12.51,-0.69,0.017,25661.6,NIFTY 25600 PE 24 FEB 26
2026-02-23 12:10:00+05:30,102.3,-1.9000000000000057,-1.11,12.49,-0.06,-0.0189,25661.6,NIFTY 25650 CE 24 FEB 26
2026-02-23 12:10:00+05:30,88.35,0.7999999999999972,1.07,29.28,-0.52,0.0145,25661.6,NIFTY 25650 PE 24 FEB 26
2026-02-23 12:10:00+05:30,77.1,-1.5,0.06,8.26,0.06,0.0014,25661.6,NIFTY 25700 CE 24 FEB 26
2026-02-23 12:10:00+05:30,112.5,0.5999999999999943,0.59,28.24,-1.0,0.0116,25661.6,NIFTY 25700 PE 24 FEB 26
2026-02-23 12:10:00+05:30,56.45,-1.2999999999999972,0.27,20.76,0.0,0.0077,25661.6,NIFTY 25750 CE 24 FEB 26
2026-02-23 12:10:00+05:30,142.0,0.8499999999999943,0.88,23.41,-1.06,0.0168,25661.6,NIFTY 25750 PE 24 FEB 26
2026-02-23 12:10:00+05:30,40.55,-1.0500000000000043,0.65,10.88,0.0,0.0245,25661.6,NIFTY 25800 CE 24 FEB 26
2026-02-23 12:10:00+05:30,176.05,1.1500000000000057,-0.21,23.25,-1.05,-0.005,25661.6,NIFTY 25800 PE 24 FEB 26
2026-02-23 12:15:00+05:30,140.55,7.75,0.4,-7.92,3.04,0.012,25669.95,NIFTY 25600 CE 24 FEB 26
2026-02-23 12:15:00+05:30,62.55,-5.8500000000000085,2.48,-13.0,-2.7,0.0619,25669.95,NIFTY 25600 PE 24 FEB 26
2026-02-23 12:15:00+05:30,108.85,6.549999999999997,1.23,0.65,2.36,0.0206,25669.95,NIFTY 25650 CE 24 FEB 26
2026-02-23 12:15:00+05:30,81.05,-7.299999999999997,2.77,-16.94,-3.45,0.0458,25669.95,NIFTY 25650 PE 24 FEB 26
2026-02-23 12:15:00+05:30,82.35,5.25,1.11,6.56,1.75,0.0237,25669.95,NIFTY 25700 CE 24 FEB 26
2026-02-23 12:15:00+05:30,104.1,-8.400000000000006,1.7,-11.28,-3.91,0.0375,25669.95,NIFTY 25700 PE 24 FEB 26
2026-02-23 12:15:00+05:30,60.55,4.099999999999994,2.49,4.28,1.32,0.0682,25669.95,NIFTY 25750 CE 24 FEB 26
2026-02-23 12:15:00+05:30,132.5,-9.5,2.71,-5.23,-4.51,0.0553,25669.95,NIFTY 25750 PE 24 FEB 26
2026-02-23 12:15:00+05:30,43.45,2.9000000000000057,0.89,4.59,0.75,0.0325,25669.95,NIFTY 25800 CE 24 FEB 26
2026-02-23 12:15:00+05:30,165.5,-10.550000000000011,1.89,-20.61,-5.48,0.056,25669.95,NIFTY 25800 PE 24 FEB 26
2026-02-23 12:20:00+05:30,127.7,-12.850000000000009,-0.81,-19.19,-3.6,-0.03,25654.75,NIFTY 25600 CE 24 FEB 26
2026-02-23 12:20:00+05:30,71.6,9.049999999999997,-0.78,-4.55,3.61,-0.0208,25654.75,NIFTY 25600 PE 24 FEB 26
2026-02-23 12:20:00+05:30,97.75,-11.099999999999994,-3.7,-19.53,-2.97,-0.0777,25654.75,NIFTY 25650 CE 24 FEB 26
2026-02-23 12:20:00+05:30,91.95,10.900000000000006,0.42,-2.17,4.24,0.0074,25654.75,NIFTY 25650 PE 24 FEB 26
2026-02-23 12:20:00+05:30,73.5,-8.849999999999994,0.25,-26.07,-1.97,0.0073,25654.75,NIFTY 25700 CE 24 FEB 26
2026-02-23 12:20:00+05:30,117.15,13.050000000000011,0.86,-12.1,5.31,0.022,25654.75,NIFTY 25700 PE 24 FEB 26
2026-02-23 12:20:00+05:30,53.75,-6.799999999999997,-2.13,-20.81,-1.24,-0.0755,25654.75,NIFTY 25750 CE 24 FEB 26
2026-02-23 12:20:00+05:30,147.8,15.300000000000011,1.67,-15.61,6.71,0.0415,25654.75,NIFTY 25750 PE 24 FEB 26
2026-02-23 12:20:00+05:30,38.5,-4.950000000000003,-0.95,-26.17,-0.56,-0.0472,25654.75,NIFTY 25800 CE 24 FEB 26
2026-02-23 12:20:00+05:30,182.25,16.75,0.74,-15.92,7.79,0.0267,25654.75,NIFTY 25800 PE 24 FEB 26
2026-02-23 12:25:00+05:30,125.45,-2.25,1.28,-28.7,-0.37,0.0656,25651.9,NIFTY 25600 CE 24 FEB 26
2026-02-23 12:25:00+05:30,73.4,1.8000000000000114,3.83,0.94,0.86,0.1008,25651.9,NIFTY 25600 PE 24 FEB 26
2026-02-23 12:25:00+05:30,96.05,-1.7000000000000028,2.25,-21.29,-0.06,0.0578,25651.9,NIFTY 25650 CE 24 FEB 26
2026-02-23 12:25:00+05:30,94.05,2.0999999999999943,4.01,-0.42,0.93,0.0704,25651.9,NIFTY 25650 PE 24 FEB 26
2026-02-23 12:25:00+05:30,71.85,-1.6500000000000057,0.78,-29.97,-0.31,0.0326,25651.9,NIFTY 25700 CE 24 FEB 26
2026-02-23 12:25:00+05:30,119.7,2.549999999999997,0.41,-4.74,1.11,0.0112,25651.9,NIFTY 25700 PE 24 FEB 26
2026-02-23 12:25:00+05:30,52.55,-1.2000000000000028,-0.7,-37.83,-0.13,-0.0392,25651.9,NIFTY 25750 CE 24 FEB 26
2026-02-23 12:25:00+05:30,150.5,2.6999999999999886,1.41,-14.39,1.11,0.0416,25651.9,NIFTY 25750 PE 24 FEB 26
2026-02-23 12:25:00+05:30,37.65,-0.8500000000000014,-0.06,-32.6,0.06,-0.0047,25651.9,NIFTY 25800 CE 24 FEB 26
2026-02-23 12:25:00+05:30,186.0,3.75,0.58,1.49,2.2,0.0206,25651.9,NIFTY 25800 PE 24 FEB 26
2026-02-23 12:30:00+05:30,128.45,2.999999999999986,-0.15,83.94,2.21,-0.0042,25653.85,NIFTY 25600 CE 24 FEB 26
2026-02-23 12:30:00+05:30,70.9,-2.5,-0.25,66.5,-1.64,-0.004,25653.85,NIFTY 25600 PE 24 FEB 26
2026-02-23 12:30:00+05:30,98.65,2.6000000000000085,0.58,62.4,1.94,0.0095,25653.85,NIFTY 25650 CE 24 FEB 26
2026-02-23 12:30:00+05:30,91.3,-2.75,-0.92,45.62,-1.73,-0.0115,25653.85,NIFTY 25650 PE 24 FEB 26
2026-02-23 12:30:00+05:30,73.95,2.1000000000000085,-2.11,52.51,1.57,-0.0585,25653.85,NIFTY 25700 CE 24 FEB 26
2026-02-23 12:30:00+05:30,116.45,-3.25,1.14,56.88,-2.09,0.0199,25653.85,NIFTY 25700 PE 24 FEB 26
2026-02-23 12:30:00+05:30,54.05,1.5,-2.35,47.75,1.2,-0.088,25653.85,NIFTY 25750 CE 24 FEB 26
2026-02-23 12:30:00+05:30,146.55,-3.9499999999999886,-4.6,67.88,-2.82,-0.0819,25653.85,NIFTY 25750 PE 24 FEB 26
2026-02-23 12:30:00+05:30,38.6,0.9500000000000028,-1.31,70.69,0.69,-0.0558,25653.85,NIFTY 25800 CE 24 FEB 26
2026-02-23 12:30:00+05:30,181.45,-4.550000000000011,1.15,51.49,-3.57,0.0272,25653.85,NIFTY 25800 PE 24 FEB 26
2026-02-23 12:35:00+05:30,131.95,3.5,1.01,-31.95,-0.66,0.0419,25660.75,NIFTY 25600 CE 24 FEB 26
2026-02-23 12:35:00+05:30,66.8,-4.1000000000000085,-0.63,-43.42,-1.32,-0.0183,25660.75,NIFTY 25600 PE 24 FEB 26
2026-02-23 12:35:00+05:30,101.15,2.5,5.89,-29.69,-1.1,0.1364,25660.75,NIFTY 25650 CE 24 FEB 26
2026-02-23 12:35:00+05:30,86.7,-4.599999999999994,-1.86,-48.17,-1.23,-0.0446,25660.75,NIFTY 25650 PE 24 FEB 26
2026-02-23 12:35:00+05:30,76.3,2.3499999999999943,2.48,-29.07,-0.62,0.0947,25660.75,NIFTY 25700 CE 24 FEB 26
2026-02-23 12:35:00+05:30,111.35,-5.1000000000000085,-1.42,-53.44,-1.18,-0.0536,25660.75,NIFTY 25700 PE 24 FEB 26
2026-02-23 12:35:00+05:30,55.65,1.6000000000000014,2.49,-26.53,-0.87,0.124,25660.75,NIFTY 25750 CE 24 FEB 26
2026-02-23 12:35:00+05:30,140.55,-6.0,-1.04,-51.31,-1.6,-0.0363,25660.75,NIFTY 25750 PE 24 FEB 26
2026-02-23 12:35:00+05:30,39.85,1.25,0.83,-34.74,-0.68,0.0535,25660.75,NIFTY 25800 CE 24 FEB 26
2026-02-23 12:35:00+05:30,174.9,-6.549999999999983,-1.89,-50.59,-1.88,-0.0914,25660.75,NIFTY 25800 PE 24 FEB 26
2026-02-23 12:40:00+05:30,145.8,13.850000000000023,-0.45,47.03,-1.63,-0.0128,25685.0,NIFTY 25600 CE 24 FEB 26
2026-02-23 12:40:00+05:30,58.6,-8.199999999999996,-1.86,15.4,0.99,-0.0464,25685.0,NIFTY 25600 PE 24 FEB 26
2026-02-23 12:40:00+05:30,113.7,12.549999999999997,0.21,51.03,-0.87,0.0034,25685.0,NIFTY 25650 CE 24 FEB 26
2026-02-23 12:40:00+05:30,76.4,-10.299999999999997,-2.75,25.27,0.71,-0.0517,25685.0,NIFTY 25650 PE 24 FEB 26
2026-02-23 12:40:00+05:30,86.2,9.900000000000006,0.39,73.3,-1.43,0.0088,25685.0,NIFTY 25700 CE 24 FEB 26
2026-02-23 12:40:00+05:30,99.0,-12.349999999999994,-1.69,36.06,0.66,-0.046,25685.0,NIFTY 25700 PE 24 FEB 26
2026-02-23 12:40:00+05:30,63.9,8.25,2.13,80.98,-1.0,0.0602,25685.0,NIFTY 25750 CE 24 FEB 26
2026-02-23 12:40:00+05:30,126.75,-13.800000000000011,0.06,39.35,1.27,0.0014,25685.0,NIFTY 25750 PE 24 FEB 26
2026-02-23 12:40:00+05:30,46.25,6.399999999999999,0.75,96.91,-1.0,0.0248,25685.0,NIFTY 25800 CE 24 FEB 26
2026-02-23 12:40:00+05:30,158.75,-16.150000000000006,-1.72,49.0,0.84,-0.055,25685.0,NIFTY 25800 PE 24 FEB 26
2026-02-23 12:45:00+05:30,133.9,-11.900000000000006,-2.26,19.65,2.89,-0.0538,25662.7,NIFTY 25600 CE 24 FEB 26
2026-02-23 12:45:00+05:30,65.65,7.050000000000004,1.37,5.06,-1.1,0.0318,25662.7,NIFTY 25600 PE 24 FEB 26
2026-02-23 12:45:00+05:30,103.25,-10.450000000000003,-3.46,15.53,2.38,-0.0487,25662.7,NIFTY 25650 CE 24 FEB 26
2026-02-23 12:45:00+05:30,85.35,8.949999999999989,4.88,32.04,-0.88,0.0675,25662.7,NIFTY 25650 PE 24 FEB 26
2026-02-23 12:45:00+05:30,77.8,-8.400000000000006,-1.42,27.38,2.53,-0.0253,25662.7,NIFTY 25700 CE 24 FEB 26
2026-02-23 12:45:00+05:30,109.8,10.799999999999997,6.49,46.51,-0.89,0.119,25662.7,NIFTY 25700 PE 24 FEB 26
2026-02-23 12:45:00+05:30,57.25,-6.649999999999999,-2.74,22.0,2.41,-0.0647,25662.7,NIFTY 25750 CE 24 FEB 26
2026-02-23 12:45:00+05:30,138.9,12.150000000000006,7.48,56.09,-1.49,0.1187,25662.7,NIFTY 25750 PE 24 FEB 26
2026-02-23 12:45:00+05:30,41.4,-4.850000000000001,-1.62,26.7,2.59,-0.0426,25662.7,NIFTY 25800 CE 24 FEB 26
2026-02-23 12:45:00+05:30,173.15,14.400000000000006,13.57,67.81,-1.01,0.2536,25662.7,NIFTY 25800 PE 24 FEB 26
2026-02-23 12:50:00+05:30,126.15,-7.75,-6.5,-2.37,-3.65,-0.1547,25655.75,NIFTY 25600 CE 24 FEB 26
2026-02-23 12:50:00+05:30,70.4,4.75,1.79,53.6,2.33,0.0275,25655.75,NIFTY 25600 PE 24 FEB 26
2026-02-23 12:50:00+05:30,96.65,-6.599999999999994,-1.3,-8.76,-2.99,-0.0193,25655.75,NIFTY 25650 CE 24 FEB 26
2026-02-23 12:50:00+05:30,90.7,5.3500000000000085,-0.97,35.78,2.32,-0.0104,25655.75,NIFTY 25650 PE 24 FEB 26
2026-02-23 12:50:00+05:30,72.2,-5.599999999999994,-1.51,-22.05,-2.59,-0.0339,25655.75,NIFTY 25700 CE 24 FEB 26
2026-02-23 12:50:00+05:30,116.35,6.549999999999997,-1.25,22.58,3.06,-0.0199,25655.75,NIFTY 25700 PE 24 FEB 26
2026-02-23 12:50:00+05:30,52.65,-4.600000000000001,-2.17,-20.69,-2.29,-0.0628,25655.75,NIFTY 25750 CE 24 FEB 26
2026-02-23 12:50:00+05:30,146.9,8.0,-5.93,18.94,4.23,-0.085,25655.75,NIFTY 25750 PE 24 FEB 26
2026-02-23 12:50:00+05:30,37.8,-3.6000000000000014,-1.47,-18.24,-1.91,-0.0466,25655.75,NIFTY 25800 CE 24 FEB 26
2026-02-23 12:50:00+05:30,182.1,8.949999999999989,-10.07,23.01,5.09,-0.1737,25655.75,NIFTY 25800 PE 24 FEB 26
2026-02-23 12:55:00+05:30,114.2,-11.950000000000003,5.87,-36.03,-1.43,0.2041,25638.05,NIFTY 25600 CE 24 FEB 26
2026-02-23 12:55:00+05:30,80.35,9.949999999999989,-1.22,-29.57,2.91,-0.0272,25638.05,NIFTY 25600 PE 24 FEB 26
2026-02-23 12:55:00+05:30,86.65,-10.0,7.59,-35.55,-0.88,0.173,25638.05,NIFTY 25650 CE 24 FEB 26
2026-02-23 12:55:00+05:30,102.9,12.200000000000003,-0.35,-39.31,3.77,-0.0062,25638.05,NIFTY 25650 PE 24 FEB 26
2026-02-23 12:55:00+05:30,64.45,-7.75,3.78,-32.64,-0.19,0.1244,25638.05,NIFTY 25700 CE 24 FEB 26
2026-02-23 12:55:00+05:30,130.7,14.349999999999994,-2.06,-36.24,4.6,-0.0509,25638.05,NIFTY 25700 PE 24 FEB 26
2026-02-23 12:55:00+05:30,46.8,-5.850000000000001,1.9,-39.63,0.32,0.0893,25638.05,NIFTY 25750 CE 24 FEB 26
2026-02-23 12:55:00+05:30,162.9,16.0,-0.97,-42.31,5.16,-0.0226,25638.05,NIFTY 25750 PE 24 FEB 26
2026-02-23 12:55:00+05:30,33.5,-4.299999999999997,1.98,-46.44,0.63,0.1154,25638.05,NIFTY 25800 CE 24 FEB 26
2026-02-23 12:55:00+05:30,199.95,17.849999999999994,1.04,-49.7,6.39,0.032,25638.05,NIFTY 25800 PE 24 FEB 26
2026-02-23 13:00:00+05:30,113.95,-0.25,7.26,42.56,-1.07,0.1874,25639.5,NIFTY 25600 CE 24 FEB 26
2026-02-23 13:00:00+05:30,79.45,-0.8999999999999915,3.06,41.1,-0.17,0.0476,25639.5,NIFTY 25600 PE 24 FEB 26
2026-02-23 13:00:00+05:30,86.3,-0.3500000000000085,5.31,13.31,-1.02,0.115,25639.5,NIFTY 25650 CE 24 FEB 26
2026-02-23 13:00:00+05:30,101.9,-1.0,-3.07,18.93,-0.11,-0.0448,25639.5,NIFTY 25650 PE 24 FEB 26
2026-02-23 13:00:00+05:30,64.45,0.0,1.34,-14.97,-0.51,0.0538,25639.5,NIFTY 25700 CE 24 FEB 26
2026-02-23 13:00:00+05:30,129.8,-0.8999999999999773,-3.73,18.86,0.11,-0.0757,25639.5,NIFTY 25700 PE 24 FEB 26
2026-02-23 13:00:00+05:30,46.75,-0.04999999999999716,0.28,18.43,-0.51,0.0111,25639.5,NIFTY 25750 CE 24 FEB 26
2026-02-23 13:00:00+05:30,162.35,-0.5500000000000114,1.4,36.8,0.61,0.0238,25639.5,NIFTY 25750 PE 24 FEB 26
2026-02-23 13:00:00+05:30,33.5,0.0,0.13,20.51,-0.38,0.0065,25639.5,NIFTY 25800 CE 24 FEB 26
2026-02-23 13:00:00+05:30,199.1,-0.8499999999999943,-4.6,22.09,0.32,-0.1174,25639.5,NIFTY 25800 PE 24 FEB 26
2026-02-23 13:05:00+05:30,117.0,3.049999999999997,1.84,-1.42,-2.93,0.0516,25649.1,NIFTY 25600 CE 24 FEB 26
2026-02-23 13:05:00+05:30,75.1,-4.3500000000000085,-0.53,-20.64,-0.22,-0.0107,25649.1,NIFTY 25600 PE 24 FEB 26
2026-02-23 13:05:00+05:30,88.75,2.450000000000003,6.36,6.94,-2.57,0.1355,25649.1,NIFTY 25650 CE 24 FEB 26
2026-02-23 13:05:00+05:30,97.05,-4.8500000000000085,-3.42,-25.57,0.06,-0.0651,25649.1,NIFTY 25650 PE 24 FEB 26
2026-02-23 13:05:00+05:30,66.3,1.8499999999999943,1.7,9.18,-2.3,0.0635,25649.1,NIFTY 25700 CE 24 FEB 26
2026-02-23 13:05:00+05:30,124.2,-5.6000000000000085,-3.23,-29.43,0.0,-0.0896,25649.1,NIFTY 25700 PE 24 FEB 26
2026-02-23 13:05:00+05:30,47.95,1.2000000000000028,1.6,-10.86,-2.29,0.0725,25649.1,NIFTY 25750 CE 24 FEB 26
2026-02-23 13:05:00+05:30,155.95,-6.400000000000006,0.51,-29.46,-0.05,0.0123,25649.1,NIFTY 25750 PE 24 FEB 26
2026-02-23 13:05:00+05:30,34.35,0.8500000000000014,2.82,-17.9,-2.07,0.1694,25649.1,NIFTY 25800 CE 24 FEB 26
2026-02-23 13:05:00+05:30,192.85,-6.25,1.08,-15.22,0.75,0.0309,25649.1,NIFTY 25800 PE 24 FEB 26
2026-02-23 13:10:00+05:30,111.0,-6.0,-2.05,-18.24,1.77,-0.0717,25636.7,NIFTY 25600 CE 24 FEB 26
2026-02-23 13:10:00+05:30,82.15,7.050000000000011,3.03,-14.55,2.06,0.0712,25636.7,NIFTY 25600 PE 24 FEB 26
2026-02-23 13:10:00+05:30,83.95,-4.799999999999997,-1.59,-4.04,1.84,-0.0375,25636.7,NIFTY 25650 CE 24 FEB 26
2026-02-23 13:10:00+05:30,105.35,8.299999999999997,4.32,9.26,2.29,0.0726,25636.7,NIFTY 25650 PE 24 FEB 26
2026-02-23 13:10:00+05:30,62.75,-3.549999999999997,-0.06,-6.31,2.02,-0.0025,25636.7,NIFTY 25700 CE 24 FEB 26
2026-02-23 13:10:00+05:30,133.75,9.549999999999997,-0.03,6.17,2.61,-0.0008,25636.7,NIFTY 25700 PE 24 FEB 26
2026-02-23 13:10:00+05:30,45.5,-2.450000000000003,-0.54,-10.54,2.21,-0.0279,25636.7,NIFTY 25750 CE 24 FEB 26
2026-02-23 13:10:00+05:30,166.8,10.850000000000023,-1.27,12.68,3.07,-0.0275,25636.7,NIFTY 25750 PE 24 FEB 26
2026-02-23 13:10:00+05:30,32.6,-1.75,-0.07,3.42,2.18,-0.0041,25636.7,NIFTY 25800 CE 24 FEB 26
2026-02-23 13:10:00+05:30,203.8,10.950000000000017,7.88,-2.73,2.55,0.2351,25636.7,NIFTY 25800 PE 24 FEB 26
2026-02-23 13:15:00+05:30,116.5,5.5,2.56,67.66,1.03,0.0522,25644.85,NIFTY 25600 CE 24 FEB 26
2026-02-23 13:15:00+05:30,75.2,-6.950000000000003,3.69,77.97,-3.32,0.0503,25644.85,NIFTY 25600 PE 24 FEB 26
2026-02-23 13:15:00+05:30,88.15,4.200000000000003,1.15,34.69,0.32,0.0198,25644.85,NIFTY 25650 CE 24 FEB 26
2026-02-23 13:15:00+05:30,97.05,-8.299999999999997,2.94,52.07,-3.99,0.034,25644.85,NIFTY 25650 PE 24 FEB 26
2026-02-23 13:15:00+05:30,65.7,2.950000000000003,0.78,56.4,-0.32,0.0201,25644.85,NIFTY 25700 CE 24 FEB 26
2026-02-23 13:15:00+05:30,124.15,-9.599999999999994,0.12,43.08,-4.66,0.0021,25644.85,NIFTY 25700 PE 24 FEB 26
2026-02-23 13:15:00+05:30,47.7,2.200000000000003,-1.8,46.21,-0.38,-0.0632,25644.85,NIFTY 25750 CE 24 FEB 26
2026-02-23 13:15:00+05:30,156.8,-10.0,-1.47,48.88,-4.63,-0.0212,25644.85,NIFTY 25750 PE 24 FEB 26
2026-02-23 13:15:00+05:30,34.15,1.5499999999999972,-1.2,42.92,-0.56,-0.0499,25644.85,NIFTY 25800 CE 24 FEB 26
2026-02-23 13:15:00+05:30,192.9,-10.900000000000006,-0.55,23.31,-5.38,-0.0144,25644.85,NIFTY 25800 PE 24 FEB 26
2026-02-23 13:20:00+05:30,119.35,2.8499999999999943,1.41,-41.69,-3.83,0.0506,25655.1,NIFTY 25600 CE 24 FEB 26
2026-02-23 13:20:00+05:30,71.4,-3.799999999999997,-0.54,-49.6,0.51,-0.0152,25655.1,NIFTY 25600 PE 24 FEB 26
2026-02-23 13:20:00+05:30,90.5,2.3499999999999943,2.59,-30.27,-3.22,0.0649,25655.1,NIFTY 25650 CE 24 FEB 26
2026-02-23 13:20:00+05:30,92.8,-4.25,-2.39,-48.15,0.91,-0.0548,25655.1,NIFTY 25650 PE 24 FEB 26
2026-02-23 13:20:00+05:30,67.6,1.8999999999999915,-2.38,-40.77,-2.7,-0.1046,25655.1,NIFTY 25700 CE 24 FEB 26
2026-02-23 13:20:00+05:30,119.4,-4.75,-0.25,-46.95,1.19,-0.0082,25655.1,NIFTY 25700 PE 24 FEB 26
2026-02-23 13:20:00+05:30,49.1,1.3999999999999986,0.11,-39.43,-2.36,0.006,25655.1,NIFTY 25750 CE 24 FEB 26
2026-02-23 13:20:00+05:30,150.8,-6.0,7.63,-48.58,0.72,0.2103,25655.1,NIFTY 25750 PE 24 FEB 26
2026-02-23 13:20:00+05:30,35.1,0.9500000000000028,0.07,-39.0,-2.21,0.005,25655.1,NIFTY 25800 CE 24 FEB 26
2026-02-23 13:20:00+05:30,187.05,-5.849999999999994,-2.69,-44.68,1.69,-0.1261,25655.1,NIFTY 25800 PE 24 FEB 26
2026-02-23 13:25:00+05:30,126.4,7.050000000000011,-0.9,24.53,-0.73,-0.0262,25667.45,NIFTY 25600 CE 24 FEB 26
2026-02-23 13:25:00+05:30,64.8,-6.6000000000000085,-2.72,-0.15,-1.74,-0.0759,25667.45,NIFTY 25600 PE 24 FEB 26
2026-02-23 13:25:00+05:30,96.4,5.900000000000006,-0.18,32.13,-0.73,-0.0035,25667.45,NIFTY 25650 CE 24 FEB 26
2026-02-23 13:25:00+05:30,85.1,-7.700000000000003,0.83,2.27,-1.81,0.0181,25667.45,NIFTY 25650 PE 24 FEB 26
2026-02-23 13:25:00+05:30,72.35,4.75,2.04,42.54,-0.66,0.0615,25667.45,NIFTY 25700 CE 24 FEB 26
2026-02-23 13:25:00+05:30,110.55,-8.850000000000009,-1.68,14.66,-1.97,-0.0488,25667.45,NIFTY 25700 PE 24 FEB 26
2026-02-23 13:25:00+05:30,52.65,3.549999999999997,1.61,55.74,-0.85,0.0587,25667.45,NIFTY 25750 CE 24 FEB 26
2026-02-23 13:25:00+05:30,141.1,-9.700000000000017,3.24,8.55,-1.94,0.0887,25667.45,NIFTY 25750 PE 24 FEB 26
2026-02-23 13:25:00+05:30,37.75,2.6499999999999986,-0.75,41.38,-0.84,-0.0358,25667.45,NIFTY 25800 CE 24 FEB 26
2026-02-23 13:25:00+05:30,176.6,-10.450000000000017,1.24,28.96,-1.93,0.0439,25667.45,NIFTY 25800 PE 24 FEB 26
2026-02-23 13:30:00+05:30,117.8,-8.600000000000009,-4.14,39.17,4.54,-0.0864,25648.05,NIFTY 25600 CE 24 FEB 26
2026-02-23 13:30:00+05:30,72.2,7.400000000000006,-1.14,53.76,-0.06,-0.0202,25648.05,NIFTY 25600 PE 24 FEB 26
2026-02-23 13:30:00+05:30,89.05,-7.3500000000000085,-3.71,37.34,3.76,-0.0524,25648.05,NIFTY 25650 CE 24 FEB 26
2026-02-23 13:30:00+05:30,93.8,8.700000000000003,5.87,88.24,-0.35,0.0687,25648.05,NIFTY 25650 PE 24 FEB 26
2026-02-23 13:30:00+05:30,66.25,-6.099999999999994,-1.44,61.94,3.05,-0.0274,25648.05,NIFTY 25700 CE 24 FEB 26
2026-02-23 13:30:00+05:30,120.85,10.299999999999997,3.25,82.71,-0.29,0.0507,25648.05,NIFTY 25700 PE 24 FEB 26
2026-02-23 13:30:00+05:30,48.3,-4.350000000000001,-1.97,44.5,3.23,-0.0507,25648.05,NIFTY 25750 CE 24 FEB 26
2026-02-23 13:30:00+05:30,153.0,11.900000000000006,5.19,89.09,-0.23,0.0774,25648.05,NIFTY 25750 PE 24 FEB 26
2026-02-23 13:30:00+05:30,34.45,-3.299999999999997,-1.2,49.87,2.93,-0.0382,25648.05,NIFTY 25800 CE 24 FEB 26
2026-02-23 13:30:00+05:30,189.05,12.450000000000017,11.19,114.16,-1.1,0.1873,25648.05,NIFTY 25800 PE 24 FEB 26
2026-02-23 13:35:00+05:30,119.85,2.049999999999997,-0.11,-49.47,3.26,-0.0044,25647.15,NIFTY 25600 CE 24 FEB 26
2026-02-23 13:35:00+05:30,67.3,-4.900000000000006,3.52,-22.18,-5.43,0.0788,25647.15,NIFTY 25600 PE 24 FEB 26
2026-02-23 13:35:00+05:30,90.7,1.6500000000000057,-2.12,-48.22,2.59,-0.0556,25647.15,NIFTY 25650 CE 24 FEB 26
2026-02-23 13:35:00+05:30,88.3,-5.5,1.28,-34.56,-6.0,0.0242,25647.15,NIFTY 25650 PE 24 FEB 26
2026-02-23 13:35:00+05:30,67.3,1.0499999999999972,-2.23,-57.17,1.87,-0.0975,25647.15,NIFTY 25700 CE 24 FEB 26
2026-02-23 13:35:00+05:30,114.9,-5.949999999999989,1.32,-41.94,-6.67,0.0366,25647.15,NIFTY 25700 PE 24 FEB 26
2026-02-23 13:35:00+05:30,48.85,0.5500000000000043,-1.06,-49.2,1.21,-0.0528,25647.15,NIFTY 25750 CE 24 FEB 26
2026-02-23 13:35:00+05:30,146.45,-6.550000000000011,-11.27,-26.95,-7.69,-0.2423,25647.15,NIFTY 25750 PE 24 FEB 26
2026-02-23 13:35:00+05:30,34.9,0.44999999999999574,-1.37,-53.67,1.14,-0.0929,25647.15,NIFTY 25800 CE 24 FEB 26
2026-02-23 13:35:00+05:30,182.75,-6.300000000000011,-3.08,-46.77,-8.14,-0.1077,25647.15,NIFTY 25800 PE 24 FEB 26
2026-02-23 13:40:00+05:30,132.05,12.200000000000017,-1.0,94.88,3.03,-0.0203,25663.1,NIFTY 25600 CE 24 FEB 26
2026-02-23 13:40:00+05:30,60.7,-6.599999999999994,-1.95,36.23,-0.24,-0.0331,25663.1,NIFTY 25600 PE 24 FEB 26
2026-02-23 13:40:00+05:30,100.8,10.099999999999994,-0.67,68.02,2.21,-0.0102,25663.1,NIFTY 25650 CE 24 FEB 26
2026-02-23 13:40:00+05:30,79.95,-8.349999999999994,-4.46,33.01,-0.74,-0.0643,25663.1,NIFTY 25650 PE 24 FEB 26
2026-02-23 13:40:00+05:30,75.55,8.25,-1.33,96.4,1.64,-0.0289,25663.1,NIFTY 25700 CE 24 FEB 26
2026-02-23 13:40:00+05:30,104.0,-10.900000000000006,-5.69,48.07,-1.97,-0.108,25663.1,NIFTY 25700 PE 24 FEB 26
2026-02-23 13:40:00+05:30,54.95,6.100000000000001,1.25,69.98,0.88,0.0359,25663.1,NIFTY 25750 CE 24 FEB 26
2026-02-23 13:40:00+05:30,133.8,-12.649999999999977,-7.27,-6.2,-2.57,-0.1479,25663.1,NIFTY 25750 PE 24 FEB 26
2026-02-23 13:40:00+05:30,39.4,4.5,1.07,85.85,0.37,0.0385,25663.1,NIFTY 25800 CE 24 FEB 26
2026-02-23 13:40:00+05:30,167.8,-14.949999999999989,-16.44,87.3,-4.22,-0.2975,25663.1,NIFTY 25800 PE 24 FEB 26
2026-02-23 13:45:00+05:30,121.65,-10.400000000000006,0.08,-23.89,-4.56,0.0022,25653.0,NIFTY 25600 CE 24 FEB 26
2026-02-23 13:45:00+05:30,65.7,5.0,0.36,-41.14,1.39,0.0102,25653.0,NIFTY 25600 PE 24 FEB 26
2026-02-23 13:45:00+05:30,92.0,-8.799999999999997,2.2,-20.57,-3.7,0.0422,25653.0,NIFTY 25650 CE 24 FEB 26
2026-02-23 13:45:00+05:30,86.2,6.25,3.98,-26.92,1.86,0.0751,25653.0,NIFTY 25650 PE 24 FEB 26
2026-02-23 13:45:00+05:30,68.25,-7.299999999999997,1.87,-24.95,-3.05,0.0536,25653.0,NIFTY 25700 CE 24 FEB 26
2026-02-23 13:45:00+05:30,112.0,8.0,1.31,-22.89,2.83,0.0304,25653.0,NIFTY 25700 PE 24 FEB 26
2026-02-23 13:45:00+05:30,49.25,-5.700000000000003,0.55,-18.93,-2.44,0.0197,25653.0,NIFTY 25750 CE 24 FEB 26
2026-02-23 13:45:00+05:30,143.1,9.299999999999983,0.88,-31.39,3.52,0.0241,25653.0,NIFTY 25750 PE 24 FEB 26
2026-02-23 13:45:00+05:30,35.05,-4.350000000000001,0.38,-18.01,-1.93,0.0168,25653.0,NIFTY 25800 CE 24 FEB 26
2026-02-23 13:45:00+05:30,179.2,11.399999999999977,2.56,-48.44,5.67,0.0751,25653.0,NIFTY 25800 PE 24 FEB 26
2026-02-23 13:50:00+05:30,119.3,-2.3500000000000085,-4.43,-48.0,-2.39,-0.2248,25652.75,NIFTY 25600 CE 24 FEB 26
2026-02-23 13:50:00+05:30,66.55,0.8499999999999943,1.71,-38.02,0.96,0.0786,25652.75,NIFTY 25600 PE 24 FEB 26
2026-02-23 13:50:00+05:30,89.8,-2.200000000000003,-1.92,-47.21,-2.24,-0.0711,25652.75,NIFTY 25650 CE 24 FEB 26
2026-02-23 13:50:00+05:30,87.45,1.25,1.06,-35.74,1.34,0.0323,25652.75,NIFTY 25650 PE 24 FEB 26
2026-02-23 13:50:00+05:30,66.35,-1.9000000000000057,-3.09,-43.64,-1.93,-0.1596,25652.75,NIFTY 25700 CE 24 FEB 26
2026-02-23 13:50:00+05:30,113.65,1.6500000000000057,4.53,-41.04,1.83,0.1807,25652.75,NIFTY 25700 PE 24 FEB 26
2026-02-23 13:50:00+05:30,47.6,-1.6499999999999986,-1.59,-40.58,-1.79,-0.0968,25652.75,NIFTY 25750 CE 24 FEB 26
2026-02-23 13:50:00+05:30,144.85,1.75,2.99,-31.83,2.0,0.1215,25652.75,NIFTY 25750 PE 24 FEB 26
2026-02-23 13:50:00+05:30,33.75,-1.2999999999999972,-1.58,-45.67,-1.59,-0.129,25652.75,NIFTY 25800 CE 24 FEB 26
2026-02-23 13:50:00+05:30,181.35,2.1500000000000057,3.24,-51.8,2.68,0.2022,25652.75,NIFTY 25800 PE 24 FEB 26
2026-02-23 13:55:00+05:30,110.1,-9.200000000000003,2.04,52.34,-0.58,0.0648,25638.4,NIFTY 25600 CE 24 FEB 26
2026-02-23 13:55:00+05:30,73.35,6.799999999999997,-0.24,97.04,1.18,-0.0057,25638.4,NIFTY 25600 PE 24 FEB 26
2026-02-23 13:55:00+05:30,82.2,-7.599999999999994,1.27,47.99,-0.2,0.0311,25638.4,NIFTY 25650 CE 24 FEB 26
2026-02-23 13:55:00+05:30,95.45,8.0,-0.63,67.1,1.2,-0.0117,25638.4,NIFTY 25650 PE 24 FEB 26
2026-02-23 13:55:00+05:30,60.15,-6.199999999999996,0.02,47.09,-0.13,0.0008,25638.4,NIFTY 25700 CE 24 FEB 26
2026-02-23 13:55:00+05:30,123.2,9.549999999999997,-0.78,69.3,1.5,-0.0192,25638.4,NIFTY 25700 PE 24 FEB 26
2026-02-23 13:55:00+05:30,43.0,-4.600000000000001,-0.66,52.74,0.26,-0.0258,25638.4,NIFTY 25750 CE 24 FEB 26
2026-02-23 13:55:00+05:30,155.9,11.050000000000011,-1.46,51.15,2.03,-0.0405,25638.4,NIFTY 25750 PE 24 FEB 26
2026-02-23 13:55:00+05:30,30.35,-3.3999999999999986,0.68,58.78,0.45,0.0346,25638.4,NIFTY 25800 CE 24 FEB 26
2026-02-23 13:55:00+05:30,193.2,11.849999999999994,1.12,96.81,1.92,0.0367,25638.4,NIFTY 25800 PE 24 FEB 26
2026-02-23 14:00:00+05:30,102.0,-8.099999999999994,9.23,120.31,0.65,0.136,25623.65,NIFTY 25600 CE 24 FEB 26
2026-02-23 14:00:00+05:30,82.1,8.75,-1.35,164.95,2.69,-0.0121,25623.65,NIFTY 25600 PE 24 FEB 26
2026-02-23 14:00:00+05:30,75.9,-6.299999999999997,3.95,95.04,1.12,0.0503,25623.65,NIFTY 25650 CE 24 FEB 26
2026-02-23 14:00:00+05:30,105.8,10.349999999999994,-2.93,109.94,3.08,-0.0256,25623.65,NIFTY 25650 PE 24 FEB 26
2026-02-23 14:00:00+05:30,55.5,-4.649999999999999,1.23,46.47,1.51,0.0287,25623.65,NIFTY 25700 CE 24 FEB 26
2026-02-23 14:00:00+05:30,135.3,12.100000000000009,-6.87,99.26,3.78,-0.0843,25623.65,NIFTY 25700 PE 24 FEB 26
2026-02-23 14:00:00+05:30,39.6,-3.3999999999999986,0.34,65.99,1.63,0.0079,25623.65,NIFTY 25750 CE 24 FEB 26
2026-02-23 14:00:00+05:30,169.25,13.349999999999994,-2.74,127.71,4.14,-0.0329,25623.65,NIFTY 25750 PE 24 FEB 26
2026-02-23 14:00:00+05:30,27.95,-2.400000000000002,-0.76,71.94,1.67,-0.0227,25623.65,NIFTY 25800 CE 24 FEB 26
2026-02-23 14:00:00+05:30,207.25,14.050000000000011,0.5,133.66,4.16,0.007,25623.65,NIFTY 25800 PE 24 FEB 26
2026-02-23 14:05:00+05:30,102.9,0.9000000000000057,-0.04,-12.78,-1.16,-0.0007,25627.25,NIFTY 25600 CE 24 FEB 26
2026-02-23 14:05:00+05:30,80.3,-1.7999999999999972,-4.77,-29.01,-0.06,-0.0592,25627.25,NIFTY 25600 PE 24 FEB 26
2026-02-23 14:05:00+05:30,76.25,0.3499999999999943,4.02,-23.97,-1.36,0.0701,25627.25,NIFTY 25650 CE 24 FEB 26
2026-02-23 14:05:00+05:30,103.9,-1.8999999999999915,-17.21,-37.66,0.11,-0.234,25627.25,NIFTY 25650 PE 24 FEB 26
2026-02-23 14:05:00+05:30,55.7,0.20000000000000284,-0.79,-22.24,-1.29,-0.0239,25627.25,NIFTY 25700 CE 24 FEB 26
2026-02-23 14:05:00+05:30,132.95,-2.3500000000000227,-1.63,-37.54,-0.06,-0.0297,25627.25,NIFTY 25700 PE 24 FEB 26
2026-02-23 14:05:00+05:30,39.65,0.04999999999999716,-1.04,-41.4,-1.22,-0.0417,25627.25,NIFTY 25750 CE 24 FEB 26
2026-02-23 14:05:00+05:30,166.8,-2.4499999999999886,-15.86,-41.02,0.11,-0.3135,25627.25,NIFTY 25750 PE 24 FEB 26
2026-02-23 14:05:00+05:30,28.0,0.05000000000000071,-0.42,-34.99,-0.95,-0.0192,25627.25,NIFTY 25800 CE 24 FEB 26
2026-02-23 14:05:00+05:30,205.0,-2.25,-5.46,-34.08,0.66,-0.1179,25627.25,NIFTY 25800 PE 24 FEB 26
2026-02-23 14:10:00+05:30,103.8,0.8999999999999915,4.6,-6.13,-1.11,0.0905,25630.7,NIFTY 25600 CE 24 FEB 26
2026-02-23 14:10:00+05:30,77.75,-2.549999999999997,2.82,-10.99,-0.97,0.0374,25630.7,NIFTY 25600 PE 24 FEB 26
2026-02-23 14:10:00+05:30,77.05,0.7999999999999972,2.13,-14.81,-0.86,0.0454,25630.7,NIFTY 25650 CE 24 FEB 26
2026-02-23 14:10:00+05:30,100.8,-3.1000000000000085,-2.42,-12.1,-1.2,-0.031,25630.7,NIFTY 25650 PE 24 FEB 26
2026-02-23 14:10:00+05:30,56.15,0.44999999999999574,0.6,-6.36,-0.92,0.0194,25630.7,NIFTY 25700 CE 24 FEB 26
2026-02-23 14:10:00+05:30,129.75,-3.1999999999999886,-2.81,-7.0,-1.03,-0.0544,25630.7,NIFTY 25700 PE 24 FEB 26
2026-02-23 14:10:00+05:30,39.95,0.30000000000000426,5.98,56.51,-0.78,0.1522,25630.7,NIFTY 25750 CE 24 FEB 26
2026-02-23 14:10:00+05:30,163.6,-3.200000000000017,-5.65,-9.11,-0.78,-0.1034,25630.7,NIFTY 25750 PE 24 FEB 26
2026-02-23 14:10:00+05:30,28.3,0.3000000000000007,-4.5,19.11,-0.57,-0.1704,25630.7,NIFTY 25800 CE 24 FEB 26
2026-02-23 14:10:00+05:30,202.0,-3.0,-1.63,-15.28,-0.43,-0.0392,25630.7,NIFTY 25800 PE 24 FEB 26
2026-02-23 14:15:00+05:30,111.3,7.5,0.28,11.95,0.13,0.0051,25643.55,NIFTY 25600 CE 24 FEB 26
2026-02-23 14:15:00+05:30,70.7,-7.049999999999997,1.7,-10.0,-1.55,0.0257,25643.55,NIFTY 25600 PE 24 FEB 26
2026-02-23 14:15:00+05:30,83.0,5.950000000000003,0.08,30.14,-0.27,0.0014,25643.55,NIFTY 25650 CE 24 FEB 26
2026-02-23 14:15:00+05:30,92.5,-8.299999999999997,3.35,4.32,-1.74,0.0401,25643.55,NIFTY 25650 PE 24 FEB 26
2026-02-23 14:15:00+05:30,60.7,4.550000000000004,-0.65,12.22,-0.46,-0.0187,25643.55,NIFTY 25700 CE 24 FEB 26
2026-02-23 14:15:00+05:30,119.5,-10.25,1.34,2.88,-2.71,0.0244,25643.55,NIFTY 25700 PE 24 FEB 26
2026-02-23 14:15:00+05:30,42.95,3.0,0.48,-26.19,-1.11,0.0174,25643.55,NIFTY 25750 CE 24 FEB 26
2026-02-23 14:15:00+05:30,152.3,-11.299999999999983,2.94,-1.79,-2.93,0.0516,25643.55,NIFTY 25750 PE 24 FEB 26
2026-02-23 14:15:00+05:30,30.35,2.0500000000000007,0.95,-20.63,-1.28,0.0431,25643.55,NIFTY 25800 CE 24 FEB 26
2026-02-23 14:15:00+05:30,189.45,-12.550000000000011,1.64,16.24,-3.66,0.0335,25643.55,NIFTY 25800 PE 24 FEB 26
2026-02-23 14:20:00+05:30,114.0,2.700000000000003,-2.15,-31.36,0.2,-0.0577,25648.0,NIFTY 25600 CE 24 FEB 26
2026-02-23 14:20:00+05:30,67.65,-3.049999999999997,0.67,-41.73,-1.17,0.0178,25648.0,NIFTY 25600 PE 24 FEB 26
2026-02-23 14:20:00+05:30,85.0,2.0,0.78,-25.13,-0.13,0.0175,25648.0,NIFTY 25650 CE 24 FEB 26
2026-02-23 14:20:00+05:30,88.95,-3.549999999999997,2.32,-38.04,-1.3,0.0463,25648.0,NIFTY 25650 PE 24 FEB 26
2026-02-23 14:20:00+05:30,62.1,1.3999999999999986,-0.03,-24.68,-0.4,-0.0012,25648.0,NIFTY 25700 CE 24 FEB 26
2026-02-23 14:20:00+05:30,115.7,-3.799999999999997,-2.3,-48.78,-1.18,-0.0831,25648.0,NIFTY 25700 PE 24 FEB 26
2026-02-23 14:20:00+05:30,43.9,0.9499999999999957,1.41,-27.59,-0.53,0.0717,25648.0,NIFTY 25750 CE 24 FEB 26
2026-02-23 14:20:00+05:30,147.85,-4.450000000000017,0.74,-37.52,-1.63,0.0216,25648.0,NIFTY 25750 PE 24 FEB 26
2026-02-23 14:20:00+05:30,30.9,0.5499999999999972,0.59,-22.49,-0.65,0.0351,25648.0,NIFTY 25800 CE 24 FEB 26
2026-02-23 14:20:00+05:30,184.75,-4.699999999999989,-7.75,-59.53,-1.64,-0.3971,25648.0,NIFTY 25800 PE 24 FEB 26
2026-02-23 14:25:00+05:30,134.0,20.0,-7.96,74.26,5.19,-0.1199,25673.65,NIFTY 25600 CE 24 FEB 26
2026-02-23 14:25:00+05:30,58.65,-9.000000000000007,-2.0,73.43,1.06,-0.0307,25673.65,NIFTY 25600 PE 24 FEB 26
2026-02-23 14:25:00+05:30,102.65,17.650000000000006,-5.71,89.65,4.93,-0.0678,25673.65,NIFTY 25650 CE 24 FEB 26
2026-02-23 14:25:00+05:30,76.9,-12.049999999999997,2.5,77.15,0.06,0.0289,25673.65,NIFTY 25650 PE 24 FEB 26
2026-02-23 14:25:00+05:30,76.35,14.249999999999993,-1.51,106.91,3.79,-0.0277,25673.65,NIFTY 25700 CE 24 FEB 26
2026-02-23 14:25:00+05:30,100.6,-15.100000000000009,1.37,96.49,-0.9,0.0246,25673.65,NIFTY 25700 PE 24 FEB 26
2026-02-23 14:25:00+05:30,55.25,11.350000000000001,-1.75,123.29,3.26,-0.0403,25673.65,NIFTY 25750 CE 24 FEB 26
2026-02-23 14:25:00+05:30,129.6,-18.25,1.0,89.31,-2.07,0.0154,25673.65,NIFTY 25750 PE 24 FEB 26
2026-02-23 14:25:00+05:30,39.25,8.350000000000001,-0.52,130.91,2.22,-0.0134,25673.65,NIFTY 25800 CE 24 FEB 26
2026-02-23 14:25:00+05:30,163.65,-21.099999999999994,0.75,129.46,-3.4,0.0154,25673.65,NIFTY 25800 PE 24 FEB 26
2026-02-23 14:30:00+05:30,154.6,20.599999999999994,-15.29,52.78,8.87,-0.1388,25694.3,NIFTY 25600 CE 24 FEB 26
2026-02-23 14:30:00+05:30,49.35,-9.299999999999997,-2.73,68.92,-2.34,-0.0243,25694.3,NIFTY 25600 PE 24 FEB 26
2026-02-23 14:30:00+05:30,120.4,17.75,-22.57,58.48,7.18,-0.1594,25694.3,NIFTY 25650 CE 24 FEB 26
2026-02-23 14:30:00+05:30,64.9,-12.0,1.62,67.27,-3.41,0.0115,25694.3,NIFTY 25650 PE 24 FEB 26
2026-02-23 14:30:00+05:30,91.1,14.75,-8.68,164.23,5.71,-0.0593,25694.3,NIFTY 25700 CE 24 FEB 26
2026-02-23 14:30:00+05:30,85.3,-15.299999999999997,10.76,182.35,-5.02,0.0694,25694.3,NIFTY 25700 PE 24 FEB 26
2026-02-23 14:30:00+05:30,66.55,11.299999999999997,-7.06,192.53,4.05,-0.0546,25694.3,NIFTY 25750 CE 24 FEB 26
2026-02-23 14:30:00+05:30,110.8,-18.799999999999997,26.03,196.1,-7.06,0.1369,25694.3,NIFTY 25750 PE 24 FEB 26
2026-02-23 14:30:00+05:30,47.6,8.350000000000001,-1.39,193.23,2.75,-0.0122,25694.3,NIFTY 25800 CE 24 FEB 26
2026-02-23 14:30:00+05:30,142.05,-21.599999999999994,16.99,210.28,-8.94,0.1136,25694.3,NIFTY 25800 PE 24 FEB 26
2026-02-23 14:35:00+05:30,144.8,-9.799999999999983,-7.76,-52.15,-0.34,-0.1247,25680.05,NIFTY 25600 CE 24 FEB 26
2026-02-23 14:35:00+05:30,53.35,4.0,3.23,-58.27,-0.84,0.0671,25680.05,NIFTY 25600 PE 24 FEB 26
2026-02-23 14:35:00+05:30,111.35,-9.050000000000011,-6.56,-58.13,-0.71,-0.0857,25680.05,NIFTY 25650 CE 24 FEB 26
2026-02-23 14:35:00+05:30,70.2,5.299999999999997,4.44,-45.27,-0.62,0.0582,25680.05,NIFTY 25650 PE 24 FEB 26
2026-02-23 14:35:00+05:30,83.35,-7.75,-1.91,-51.92,-0.61,-0.0247,25680.05,NIFTY 25700 CE 24 FEB 26
2026-02-23 14:35:00+05:30,91.9,6.6000000000000085,8.09,-36.06,-0.57,0.0904,25680.05,NIFTY 25700 PE 24 FEB 26
2026-02-23 14:35:00+05:30,60.4,-6.149999999999999,-1.42,-55.38,-0.31,-0.0228,25680.05,NIFTY 25750 CE 24 FEB 26
2026-02-23 14:35:00+05:30,118.85,8.049999999999997,1.09,-40.5,-0.52,0.0122,25680.05,NIFTY 25750 PE 24 FEB 26
2026-02-23 14:35:00+05:30,42.8,-4.800000000000004,0.34,-50.58,-0.19,0.006,25680.05,NIFTY 25800 CE 24 FEB 26
2026-02-23 14:35:00+05:30,151.45,9.399999999999977,-4.82,-61.46,-0.46,-0.0978,25680.05,NIFTY 25800 PE 24 FEB 26
2026-02-23 14:40:00+05:30,134.8,-10.0,-4.61,-13.62,-3.86,-0.0791,25670.05,NIFTY 25600 CE 24 FEB 26
2026-02-23 14:40:00+05:30,58.45,5.100000000000001,0.41,5.41,1.99,0.0083,25670.05,NIFTY 25600 PE 24 FEB 26
2026-02-23 14:40:00+05:30,102.4,-8.949999999999989,-4.96,-13.62,-3.58,-0.0701,25670.05,NIFTY 25650 CE 24 FEB 26
2026-02-23 14:40:00+05:30,76.25,6.049999999999997,-2.23,6.63,2.06,-0.0286,25670.05,NIFTY 25650 PE 24 FEB 26
2026-02-23 14:40:00+05:30,75.5,-7.849999999999994,-4.5,-20.43,-3.36,-0.072,25670.05,NIFTY 25700 CE 24 FEB 26
2026-02-23 14:40:00+05:30,98.75,6.849999999999994,0.84,-10.79,1.92,0.0114,25670.05,NIFTY 25700 PE 24 FEB 26
2026-02-23 14:40:00+05:30,53.95,-6.449999999999996,-5.65,-14.2,-2.98,-0.1047,25670.05,NIFTY 25750 CE 24 FEB 26
2026-02-23 14:40:00+05:30,127.35,8.5,-1.91,-9.35,3.0,-0.0237,25670.05,NIFTY 25750 PE 24 FEB 26
2026-02-23 14:40:00+05:30,37.75,-5.049999999999997,-3.27,-17.03,-2.56,-0.0693,25670.05,NIFTY 25800 CE 24 FEB 26
2026-02-23 14:40:00+05:30,160.85,9.400000000000006,-1.75,-6.5,3.42,-0.0361,25670.05,NIFTY 25800 PE 24 FEB 26
2026-02-23 14:45:00+05:30,154.25,19.44999999999999,0.62,8.15,1.56,0.0093,25697.95,NIFTY 25600 CE 24 FEB 26
2026-02-23 14:45:00+05:30,51.05,-7.400000000000006,-2.43,-6.07,2.84,-0.0528,25697.95,NIFTY 25600 PE 24 FEB 26
2026-02-23 14:45:00+05:30,120.05,17.64999999999999,5.94,28.96,2.04,0.0619,25697.95,NIFTY 25650 CE 24 FEB 26
2026-02-23 14:45:00+05:30,66.4,-9.849999999999994,-2.7,-8.99,2.5,-0.0372,25697.95,NIFTY 25650 PE 24 FEB 26
2026-02-23 14:45:00+05:30,90.3,14.799999999999997,4.41,26.74,1.58,0.0532,25697.95,NIFTY 25700 CE 24 FEB 26
2026-02-23 14:45:00+05:30,86.8,-11.950000000000003,-2.17,-16.33,2.95,-0.0354,25697.95,NIFTY 25700 PE 24 FEB 26
2026-02-23 14:45:00+05:30,65.8,11.849999999999994,2.46,12.52,1.21,0.0381,25697.95,NIFTY 25750 CE 24 FEB 26
2026-02-23 14:45:00+05:30,112.4,-14.949999999999989,-5.29,-10.99,2.47,-0.0724,25697.95,NIFTY 25750 PE 24 FEB 26
2026-02-23 14:45:00+05:30,46.65,8.899999999999999,2.55,6.0,0.58,0.0493,25697.95,NIFTY 25800 CE 24 FEB 26
2026-02-23 14:45:00+05:30,143.1,-17.75,-3.71,1.95,2.1,-0.0739,25697.95,NIFTY 25800 PE 24 FEB 26
2026-02-23 14:50:00+05:30,140.05,-14.199999999999989,-2.99,-34.24,-1.83,-0.0693,25679.15,NIFTY 25600 CE 24 FEB 26
2026-02-23 14:50:00+05:30,56.6,5.550000000000004,-0.61,-26.87,-0.86,-0.0177,25679.15,NIFTY 25600 PE 24 FEB 26
2026-02-23 14:50:00+05:30,107.1,-12.950000000000003,-4.66,-37.15,-2.06,-0.0818,25679.15,NIFTY 25650 CE 24 FEB 26
2026-02-23 14:50:00+05:30,73.8,7.3999999999999915,0.15,-23.13,-0.36,0.0026,25679.15,NIFTY 25650 PE 24 FEB 26
2026-02-23 14:50:00+05:30,79.9,-10.399999999999991,-2.51,-31.06,-1.06,-0.0458,25679.15,NIFTY 25700 CE 24 FEB 26
2026-02-23 14:50:00+05:30,96.0,9.200000000000003,0.46,-13.05,-0.18,0.0085,25679.15,NIFTY 25700 PE 24 FEB 26
2026-02-23 14:50:00+05:30,57.3,-8.5,-1.63,-30.58,-0.95,-0.0374,25679.15,NIFTY 25750 CE 24 FEB 26
2026-02-23 14:50:00+05:30,123.9,11.5,1.52,-15.97,0.49,0.0234,25679.15,NIFTY 25750 PE 24 FEB 26
2026-02-23 14:50:00+05:30,40.3,-6.350000000000001,-3.27,-23.78,-0.38,-0.0851,25679.15,NIFTY 25800 CE 24 FEB 26
2026-02-23 14:50:00+05:30,156.75,13.650000000000006,1.78,-22.59,1.25,0.044,25679.15,NIFTY 25800 PE 24 FEB 26
2026-02-23 14:55:00+05:30,134.45,-5.600000000000023,1.76,-16.59,-2.64,0.0473,25674.15,NIFTY 25600 CE 24 FEB 26
2026-02-23 14:55:00+05:30,58.7,2.1000000000000014,-2.51,11.83,0.52,-0.0647,25674.15,NIFTY 25600 PE 24 FEB 26
2026-02-23 14:55:00+05:30,102.55,-4.549999999999997,-1.69,-12.88,-1.8,-0.0324,25674.15,NIFTY 25650 CE 24 FEB 26
2026-02-23 14:55:00+05:30,76.75,2.950000000000003,-4.11,9.65,0.96,-0.0656,25674.15,NIFTY 25650 PE 24 FEB 26
2026-02-23 14:55:00+05:30,76.3,-3.6000000000000085,0.82,-18.16,-1.26,0.0179,25674.15,NIFTY 25700 CE 24 FEB 26
2026-02-23 14:55:00+05:30,99.85,3.8499999999999943,-3.85,7.57,1.53,-0.066,25674.15,NIFTY 25700 PE 24 FEB 26
2026-02-23 14:55:00+05:30,54.75,-2.549999999999997,0.36,-16.52,-0.64,0.0097,25674.15,NIFTY 25750 CE 24 FEB 26
2026-02-23 14:55:00+05:30,129.05,5.150000000000006,-0.72,-8.58,2.65,-0.0123,25674.15,NIFTY 25750 PE 24 FEB 26
2026-02-23 14:55:00+05:30,38.6,-1.6999999999999957,-0.41,-20.03,-0.13,-0.0128,25674.15,NIFTY 25800 CE 24 FEB 26
2026-02-23 14:55:00+05:30,162.5,5.75,-0.66,-7.12,3.08,-0.018,25674.15,NIFTY 25800 PE 24 FEB 26
2026-02-23 15:00:00+05:30,159.3,24.850000000000023,-6.61,193.68,-6.85,-0.0617,25718.25,NIFTY 25600 CE 24 FEB 26
2026-02-23 15:00:00+05:30,43.95,-14.75,-1.48,114.55,-0.12,-0.0173,25718.25,NIFTY 25600 PE 24 FEB 26
2026-02-23 15:00:00+05:30,123.35,20.799999999999997,-10.94,171.38,-6.81,-0.0761,25718.25,NIFTY 25650 CE 24 FEB 26
2026-02-23 15:00:00+05:30,58.35,-18.4,-6.94,64.02,-0.36,-0.0647,25718.25,NIFTY 25650 PE 24 FEB 26
2026-02-23 15:00:00+05:30,93.05,16.75,-5.28,229.04,-6.49,-0.0352,25718.25,NIFTY 25700 CE 24 FEB 26
2026-02-23 15:00:00+05:30,77.55,-22.299999999999997,0.28,90.11,-0.54,0.0025,25718.25,NIFTY 25700 PE 24 FEB 26
2026-02-23 15:00:00+05:30,67.95,13.200000000000003,-0.37,295.19,-5.91,-0.0025,25718.25,NIFTY 25750 CE 24 FEB 26
2026-02-23 15:00:00+05:30,102.35,-26.700000000000017,2.28,151.72,-1.14,0.0154,25718.25,NIFTY 25750 PE 24 FEB 26
2026-02-23 15:00:00+05:30,47.9,9.299999999999997,-3.04,207.41,-6.27,-0.031,25718.25,NIFTY 25800 CE 24 FEB 26
2026-02-23 15:00:00+05:30,132.5,-30.0,-2.05,119.32,-0.78,-0.0252,25718.25,NIFTY 25800 PE 24 FEB 26
2026-02-23 15:05:00+05:30,145.55,-13.75,-12.21,-51.45,-11.52,-0.2191,25710.2,NIFTY 25600 CE 24 FEB 26
2026-02-23 15:05:00+05:30,48.3,4.349999999999994,-0.41,-36.71,2.49,-0.0075,25710.2,NIFTY 25600 PE 24 FEB 26
2026-02-23 15:05:00+05:30,111.3,-12.049999999999997,-14.03,-51.64,-9.0,-0.1798,25710.2,NIFTY 25650 CE 24 FEB 26
2026-02-23 15:05:00+05:30,64.15,5.800000000000004,-1.13,-33.77,3.33,-0.0148,25710.2,NIFTY 25650 PE 24 FEB 26
2026-02-23 15:05:00+05:30,82.75,-10.299999999999997,-11.5,-45.11,-7.28,-0.1323,25710.2,NIFTY 25700 CE 24 FEB 26
2026-02-23 15:05:00+05:30,85.2,7.650000000000006,6.19,-18.84,4.6,0.0664,25710.2,NIFTY 25700 PE 24 FEB 26
2026-02-23 15:05:00+05:30,60.25,-7.700000000000003,-5.51,-31.48,-5.05,-0.055,25710.2,NIFTY 25750 CE 24 FEB 26
2026-02-23 15:05:00+05:30,112.35,10.0,12.33,2.1,6.43,0.0835,25710.2,NIFTY 25750 PE 24 FEB 26
2026-02-23 15:05:00+05:30,42.0,-5.899999999999999,-5.16,-20.72,-4.09,-0.0643,25710.2,NIFTY 25800 CE 24 FEB 26
2026-02-23 15:05:00+05:30,144.5,12.0,0.3,-13.51,8.3,0.0042,25710.2,NIFTY 25800 PE 24 FEB 26
2026-02-23 15:10:00+05:30,149.95,4.399999999999977,-5.0,-37.46,5.31,-0.1261,25712.1,NIFTY 25600 CE 24 FEB 26
2026-02-23 15:10:00+05:30,47.9,-0.3999999999999986,-6.39,-39.66,0.34,-0.1924,25712.1,NIFTY 25600 PE 24 FEB 26
2026-02-23 15:10:00+05:30,115.5,4.200000000000003,-4.35,-40.07,4.61,-0.0799,25712.1,NIFTY 25650 CE 24 FEB 26
2026-02-23 15:10:00+05:30,63.6,-0.5500000000000043,-4.19,-29.11,0.35,-0.0767,25712.1,NIFTY 25650 PE 24 FEB 26
2026-02-23 15:10:00+05:30,86.3,3.549999999999997,-1.64,-40.14,3.6,-0.0279,25712.1,NIFTY 25700 CE 24 FEB 26
2026-02-23 15:10:00+05:30,83.85,-1.3500000000000085,-3.02,-36.94,-0.35,-0.0545,25712.1,NIFTY 25700 PE 24 FEB 26
2026-02-23 15:10:00+05:30,63.5,3.25,-1.34,-47.78,3.45,-0.0241,25712.1,NIFTY 25750 CE 24 FEB 26
2026-02-23 15:10:00+05:30,110.65,-1.6999999999999886,-5.59,-39.87,-0.51,-0.0707,25712.1,NIFTY 25750 PE 24 FEB 26
2026-02-23 15:10:00+05:30,44.45,2.450000000000003,0.87,-50.45,2.77,0.0208,25712.1,NIFTY 25800 CE 24 FEB 26
2026-02-23 15:10:00+05:30,142.3,-2.1999999999999886,-4.02,-42.92,-0.94,-0.0982,25712.1,NIFTY 25800 PE 24 FEB 26
2026-02-23 15:15:00+05:30,157.6,7.650000000000006,-2.14,-10.28,7.53,-0.0572,25716.25,NIFTY 25600 CE 24 FEB 26
2026-02-23 15:15:00+05:30,47.15,-0.75,-3.17,4.16,0.79,-0.0857,25716.25,NIFTY 25600 PE 24 FEB 26
2026-02-23 15:15:00+05:30,122.7,7.200000000000003,-13.21,5.9,6.54,-0.2193,25716.25,NIFTY 25650 CE 24 FEB 26
2026-02-23 15:15:00+05:30,61.95,-1.6499999999999986,-11.02,-7.95,0.06,-0.2098,25716.25,NIFTY 25650 PE 24 FEB 26
2026-02-23 15:15:00+05:30,92.4,6.1000000000000085,-9.09,1.35,5.24,-0.1501,25716.25,NIFTY 25700 CE 24 FEB 26
2026-02-23 15:15:00+05:30,80.4,-3.4499999999999886,-8.36,0.97,-1.51,-0.1449,25716.25,NIFTY 25700 PE 24 FEB 26
2026-02-23 15:15:00+05:30,68.35,4.849999999999994,-7.39,15.2,4.1,-0.1141,25716.25,NIFTY 25750 CE 24 FEB 26
2026-02-23 15:15:00+05:30,106.35,-4.300000000000011,-11.02,-11.21,-2.0,-0.1481,25716.25,NIFTY 25750 PE 24 FEB 26
2026-02-23 15:15:00+05:30,48.45,4.0,-3.73,20.02,3.74,-0.0748,25716.25,NIFTY 25800 CE 24 FEB 26
2026-02-23 15:15:00+05:30,136.95,-5.350000000000023,-4.12,-8.37,-2.86,-0.1055,25716.25,NIFTY 25800 PE 24 FEB 26
